rent,borough
5295,Brooklyn
4020,Manhattan
16000,Manhattan
3150,Queens
2955,Queens
12195,Manhattan
6000,Manhattan
3550,Brooklyn
5000,Brooklyn
15500,Manhattan
4745,Manhattan
10000,Manhattan
4990,Manhattan
2600,Brooklyn
3167,Manhattan
10000,Manhattan
4500,Manhattan
4350,Manhattan
6400,Manhattan
2975,Manhattan
9995,Manhattan
2800,Manhattan
2975,Manhattan
2950,Manhattan
3195,Brooklyn
2805,Manhattan
6040,Manhattan
5195,Brooklyn
6500,Manhattan
9350,Manhattan
4200,Manhattan
5995,Manhattan
2660,Brooklyn
3495,Manhattan
3800,Manhattan
4200,Manhattan
5400,Manhattan
3525,Manhattan
3295,Manhattan
3750,Brooklyn
3595,Manhattan
3300,Manhattan
2900,Manhattan
3775,Manhattan
2800,Manhattan
3230,Manhattan
1550,Queens
2700,Manhattan
3805,Manhattan
5995,Brooklyn
5000,Manhattan
9950,Manhattan
7800,Manhattan
3100,Brooklyn
1675,Brooklyn
4050,Manhattan
2550,Queens
5700,Manhattan
10000,Manhattan
2800,Manhattan
4325,Brooklyn
16500,Manhattan
18000,Manhattan
2550,Manhattan
3103,Manhattan
3250,Manhattan
3700,Manhattan
1800,Brooklyn
14000,Manhattan
3450,Brooklyn
4100,Brooklyn
1800,Brooklyn
1600,Manhattan
10500,Manhattan
3160,Manhattan
2500,Brooklyn
3540,Manhattan
3461,Brooklyn
2595,Manhattan
13000,Manhattan
3595,Manhattan
1950,Queens
2900,Brooklyn
16900,Manhattan
3950,Manhattan
2950,Brooklyn
5018,Manhattan
4500,Manhattan
4500,Brooklyn
3450,Brooklyn
12500,Manhattan
2550,Brooklyn
2500,Manhattan
8900,Manhattan
2670,Manhattan
2175,Queens
1725,Brooklyn
5995,Manhattan
3150,Manhattan
4200,Manhattan
4650,Manhattan
3295,Brooklyn
11500,Manhattan
3405,Manhattan
3710,Manhattan
3100,Manhattan
2500,Manhattan
2200,Manhattan
5850,Manhattan
13500,Manhattan
2650,Brooklyn
3300,Manhattan
3200,Manhattan
3300,Manhattan
3671,Brooklyn
2995,Queens
5300,Brooklyn
8095,Manhattan
2395,Brooklyn
2900,Manhattan
8975,Manhattan
2095,Manhattan
5295,Manhattan
3050,Manhattan
3850,Manhattan
4095,Manhattan
4700,Manhattan
4600,Manhattan
4000,Manhattan
5800,Manhattan
3550,Manhattan
3350,Manhattan
2850,Queens
4500,Manhattan
2925,Brooklyn
2950,Manhattan
4325,Manhattan
2650,Manhattan
2488,Brooklyn
4700,Manhattan
4395,Brooklyn
3750,Manhattan
14500,Manhattan
2795,Queens
4955,Manhattan
12000,Brooklyn
6000,Manhattan
2700,Queens
1895,Queens
3410,Manhattan
5493,Manhattan
3100,Manhattan
2600,Manhattan
6495,Manhattan
5200,Manhattan
3700,Manhattan
2125,Brooklyn
3400,Manhattan
3150,Brooklyn
3590,Manhattan
4270,Manhattan
4040,Manhattan
4905,Brooklyn
1950,Queens
2500,Brooklyn
7500,Manhattan
4795,Manhattan
2100,Queens
1600,Brooklyn
3700,Queens
4625,Manhattan
3325,Queens
1995,Brooklyn
9000,Manhattan
7285,Manhattan
5882,Manhattan
2729,Brooklyn
2625,Manhattan
2700,Manhattan
1800,Brooklyn
2700,Manhattan
2995,Brooklyn
4990,Manhattan
3395,Manhattan
2600,Manhattan
3750,Queens
2599,Manhattan
3400,Queens
4300,Manhattan
14500,Manhattan
3250,Manhattan
4500,Manhattan
5999,Manhattan
6000,Manhattan
4040,Manhattan
12500,Manhattan
3900,Manhattan
6600,Brooklyn
6350,Manhattan
3125,Manhattan
3250,Brooklyn
2530,Brooklyn
2500,Manhattan
5850,Manhattan
3600,Brooklyn
3700,Manhattan
2200,Queens
1650,Queens
2800,Brooklyn
17250,Manhattan
2510,Brooklyn
2300,Manhattan
2500,Queens
2400,Manhattan
2750,Manhattan
2850,Brooklyn
11600,Manhattan
5950,Manhattan
3350,Queens
3750,Brooklyn
5600,Brooklyn
2050,Manhattan
5550,Manhattan
4800,Manhattan
3000,Brooklyn
3287,Manhattan
7300,Manhattan
3000,Brooklyn
2535,Queens
3000,Brooklyn
7000,Manhattan
2495,Manhattan
3688,Manhattan
3850,Manhattan
4299,Brooklyn
3400,Brooklyn
4500,Manhattan
1825,Queens
3100,Manhattan
3200,Brooklyn
5000,Manhattan
3500,Manhattan
3000,Manhattan
3000,Brooklyn
9995,Manhattan
4145,Manhattan
3400,Manhattan
2400,Brooklyn
2500,Brooklyn
3600,Manhattan
3700,Manhattan
4500,Manhattan
3140,Manhattan
2300,Queens
4500,Manhattan
1600,Manhattan
3600,Manhattan
8000,Manhattan
2100,Manhattan
1750,Manhattan
4350,Manhattan
4700,Manhattan
2100,Queens
3600,Manhattan
2700,Queens
2300,Manhattan
2150,Brooklyn
2300,Manhattan
4300,Manhattan
4362,Manhattan
5100,Manhattan
6400,Manhattan
2125,Brooklyn
2200,Queens
3200,Manhattan
6150,Manhattan
10495,Manhattan
5000,Brooklyn
1795,Brooklyn
4650,Brooklyn
1900,Brooklyn
2400,Brooklyn
4020,Manhattan
2199,Brooklyn
14500,Manhattan
3500,Brooklyn
2775,Manhattan
2500,Manhattan
2150,Manhattan
7500,Manhattan
2390,Manhattan
2800,Brooklyn
4850,Manhattan
3000,Queens
2200,Brooklyn
4275,Queens
2800,Manhattan
4700,Manhattan
2850,Brooklyn
5500,Manhattan
3000,Manhattan
3800,Brooklyn
3540,Brooklyn
3485,Brooklyn
6000,Brooklyn
5995,Manhattan
5000,Manhattan
4550,Manhattan
4600,Manhattan
5200,Manhattan
2775,Brooklyn
5250,Manhattan
11000,Manhattan
4995,Manhattan
2550,Manhattan
8500,Manhattan
3450,Manhattan
3299,Brooklyn
4800,Manhattan
2850,Brooklyn
3400,Manhattan
3900,Manhattan
2450,Manhattan
6900,Manhattan
4590,Manhattan
3800,Manhattan
4200,Brooklyn
12999,Manhattan
2700,Manhattan
2500,Brooklyn
13900,Manhattan
3050,Manhattan
4195,Manhattan
3500,Manhattan
3000,Brooklyn
2675,Manhattan
3040,Manhattan
3750,Queens
6000,Manhattan
6650,Brooklyn
2650,Manhattan
4900,Manhattan
2745,Queens
3500,Manhattan
3295,Queens
2750,Queens
6995,Manhattan
4354,Brooklyn
3200,Brooklyn
3300,Brooklyn
11750,Manhattan
2700,Manhattan
2995,Manhattan
4745,Manhattan
2200,Manhattan
11500,Manhattan
3350,Brooklyn
2450,Manhattan
2845,Manhattan
2950,Manhattan
2800,Brooklyn
2795,Manhattan
4950,Manhattan
2450,Manhattan
1800,Brooklyn
2600,Manhattan
5000,Manhattan
5995,Manhattan
5700,Manhattan
3160,Queens
4175,Manhattan
1800,Brooklyn
3500,Manhattan
16500,Manhattan
5900,Manhattan
3050,Manhattan
3750,Brooklyn
6000,Manhattan
2550,Manhattan
3900,Manhattan
4795,Manhattan
4750,Manhattan
2695,Manhattan
2700,Manhattan
7243,Manhattan
4200,Manhattan
2075,Brooklyn
4625,Manhattan
3500,Brooklyn
4250,Brooklyn
2600,Manhattan
3900,Brooklyn
2907,Queens
2295,Queens
11500,Manhattan
3575,Manhattan
1650,Brooklyn
2700,Queens
2850,Manhattan
2600,Queens
2400,Brooklyn
2450,Manhattan
6900,Manhattan
3390,Brooklyn
6900,Manhattan
7750,Manhattan
3095,Manhattan
4000,Manhattan
2840,Brooklyn
4745,Manhattan
3800,Manhattan
5300,Manhattan
1825,Queens
4280,Manhattan
2600,Manhattan
2723,Manhattan
2400,Brooklyn
2400,Brooklyn
5195,Brooklyn
1695,Manhattan
11000,Brooklyn
9500,Manhattan
12000,Manhattan
3337,Brooklyn
2800,Brooklyn
4500,Manhattan
9000,Manhattan
4350,Manhattan
20000,Manhattan
3400,Manhattan
13000,Manhattan
3295,Manhattan
3795,Manhattan
4416,Brooklyn
2700,Manhattan
2000,Queens
3450,Manhattan
2500,Manhattan
6250,Manhattan
5150,Manhattan
2500,Brooklyn
3510,Manhattan
3964,Queens
1675,Brooklyn
3490,Manhattan
1475,Brooklyn
3400,Queens
4200,Manhattan
3370,Brooklyn
7250,Manhattan
3410,Manhattan
5000,Manhattan
3500,Manhattan
6750,Manhattan
9400,Manhattan
3800,Manhattan
5795,Manhattan
3250,Manhattan
2750,Brooklyn
3500,Manhattan
3400,Manhattan
5995,Manhattan
2850,Manhattan
3495,Brooklyn
1650,Queens
3295,Manhattan
3555,Manhattan
3190,Manhattan
4195,Brooklyn
3945,Manhattan
6000,Manhattan
2300,Manhattan
1525,Manhattan
2850,Manhattan
2891,Brooklyn
3000,Brooklyn
3700,Brooklyn
2695,Brooklyn
5110,Manhattan
3150,Manhattan
2800,Manhattan
4610,Manhattan
8900,Manhattan
3700,Manhattan
4950,Manhattan
10000,Manhattan
9900,Manhattan
1850,Brooklyn
2395,Brooklyn
8995,Manhattan
5250,Brooklyn
6995,Manhattan
4250,Brooklyn
2000,Manhattan
9500,Manhattan
19950,Manhattan
3125,Queens
2700,Manhattan
2600,Manhattan
3300,Brooklyn
4795,Brooklyn
8950,Manhattan
9000,Manhattan
3195,Manhattan
13950,Manhattan
3800,Manhattan
3300,Manhattan
3750,Manhattan
10250,Manhattan
12495,Manhattan
2850,Manhattan
4995,Manhattan
3221,Manhattan
1995,Brooklyn
4930,Manhattan
8200,Manhattan
6950,Brooklyn
4200,Manhattan
2050,Manhattan
1790,Manhattan
10500,Manhattan
6295,Manhattan
4375,Manhattan
7500,Manhattan
4490,Manhattan
11894,Manhattan
5300,Brooklyn
2550,Manhattan
3543,Manhattan
3700,Manhattan
3995,Manhattan
11000,Manhattan
2895,Manhattan
9150,Manhattan
4024,Brooklyn
3990,Manhattan
2900,Manhattan
3500,Manhattan
4400,Manhattan
5000,Manhattan
3000,Brooklyn
2595,Manhattan
2600,Brooklyn
5740,Manhattan
16000,Manhattan
2600,Manhattan
4600,Manhattan
3700,Manhattan
3000,Manhattan
3500,Manhattan
12500,Manhattan
3300,Manhattan
6450,Manhattan
18000,Manhattan
3350,Manhattan
3895,Manhattan
8035,Manhattan
1600,Manhattan
14000,Manhattan
7000,Manhattan
3500,Brooklyn
2695,Manhattan
3800,Manhattan
4500,Brooklyn
3600,Manhattan
3499,Brooklyn
2995,Manhattan
4120,Manhattan
1299,Queens
16500,Manhattan
2800,Manhattan
3350,Manhattan
1900,Manhattan
3995,Manhattan
3775,Manhattan
2445,Manhattan
7900,Manhattan
3170,Manhattan
1750,Manhattan
2550,Brooklyn
7500,Manhattan
3950,Brooklyn
6895,Brooklyn
5495,Manhattan
5100,Manhattan
2300,Brooklyn
6300,Brooklyn
3300,Manhattan
3100,Manhattan
3600,Manhattan
1900,Brooklyn
3700,Manhattan
3525,Brooklyn
2795,Manhattan
3500,Manhattan
2495,Manhattan
5555,Manhattan
9500,Manhattan
3300,Manhattan
4395,Brooklyn
4750,Manhattan
2200,Brooklyn
4050,Manhattan
3200,Brooklyn
8500,Manhattan
4750,Brooklyn
3025,Brooklyn
3700,Manhattan
9000,Manhattan
3575,Queens
11500,Manhattan
2995,Manhattan
6350,Manhattan
19000,Manhattan
3000,Manhattan
2999,Brooklyn
3254,Manhattan
2500,Manhattan
3950,Manhattan
3000,Brooklyn
1590,Queens
2000,Queens
2200,Queens
3060,Manhattan
10995,Manhattan
3197,Manhattan
4299,Manhattan
10995,Manhattan
2750,Manhattan
2000,Brooklyn
3595,Manhattan
8250,Manhattan
3635,Manhattan
3400,Brooklyn
4275,Manhattan
5500,Manhattan
7250,Manhattan
2620,Manhattan
11400,Manhattan
2595,Queens
3895,Manhattan
8100,Manhattan
3099,Brooklyn
3500,Manhattan
4748,Manhattan
5000,Manhattan
10900,Manhattan
4495,Manhattan
1850,Queens
3932,Manhattan
2300,Manhattan
5320,Brooklyn
1950,Manhattan
3428,Manhattan
3193,Queens
2255,Manhattan
4410,Manhattan
4200,Manhattan
2650,Manhattan
2650,Queens
2700,Manhattan
8750,Manhattan
2600,Manhattan
3050,Queens
13500,Manhattan
3975,Manhattan
3995,Manhattan
7000,Manhattan
2978,Brooklyn
3300,Manhattan
2299,Manhattan
2100,Manhattan
3600,Brooklyn
3200,Queens
3750,Manhattan
5300,Manhattan
2790,Manhattan
3850,Manhattan
5000,Manhattan
4365,Manhattan
5100,Manhattan
3900,Manhattan
9600,Manhattan
9000,Manhattan
7500,Manhattan
3800,Manhattan
10950,Manhattan
3000,Queens
2734,Brooklyn
2250,Brooklyn
4650,Brooklyn
2850,Manhattan
10500,Manhattan
3349,Brooklyn
3050,Manhattan
3500,Manhattan
3425,Manhattan
9995,Manhattan
8000,Manhattan
3753,Manhattan
5900,Manhattan
7500,Manhattan
5895,Manhattan
2725,Manhattan
4600,Manhattan
4865,Manhattan
3095,Manhattan
3800,Manhattan
3600,Manhattan
3950,Manhattan
5100,Manhattan
3195,Manhattan
3000,Manhattan
5050,Manhattan
2495,Manhattan
4000,Manhattan
3399,Manhattan
3365,Manhattan
2383,Brooklyn
3475,Brooklyn
3555,Manhattan
3650,Manhattan
3600,Brooklyn
3000,Manhattan
7900,Manhattan
4595,Brooklyn
2500,Brooklyn
10500,Manhattan
5500,Manhattan
2595,Manhattan
3225,Manhattan
4040,Manhattan
2500,Queens
3450,Manhattan
1925,Manhattan
2150,Queens
2500,Manhattan
4361,Brooklyn
3850,Manhattan
5700,Manhattan
3600,Brooklyn
3100,Manhattan
2500,Manhattan
14000,Manhattan
4500,Manhattan
3450,Manhattan
18000,Manhattan
3500,Manhattan
6200,Manhattan
2495,Manhattan
5225,Manhattan
2650,Queens
2350,Queens
2895,Manhattan
8950,Manhattan
2650,Brooklyn
6600,Manhattan
2700,Brooklyn
5500,Manhattan
5400,Manhattan
6500,Manhattan
3200,Queens
16500,Manhattan
3410,Manhattan
5950,Manhattan
7495,Manhattan
3995,Manhattan
4000,Manhattan
2895,Manhattan
2595,Manhattan
6600,Manhattan
3260,Manhattan
4695,Manhattan
6700,Manhattan
3369,Brooklyn
8500,Manhattan
2950,Manhattan
11500,Manhattan
3800,Brooklyn
4500,Manhattan
17500,Manhattan
4890,Manhattan
1800,Queens
5975,Manhattan
3800,Manhattan
7425,Manhattan
2995,Manhattan
4950,Manhattan
4300,Manhattan
2000,Queens
6018,Manhattan
2150,Brooklyn
3800,Manhattan
7600,Manhattan
2300,Manhattan
5000,Manhattan
4095,Brooklyn
3730,Manhattan
5850,Manhattan
10500,Manhattan
3430,Manhattan
2800,Manhattan
10500,Manhattan
3150,Manhattan
2195,Queens
2950,Manhattan
1850,Manhattan
2650,Manhattan
5600,Manhattan
3220,Manhattan
4000,Manhattan
2050,Manhattan
5950,Manhattan
3950,Manhattan
3499,Manhattan
3790,Brooklyn
5000,Manhattan
3650,Brooklyn
3325,Queens
2900,Manhattan
4500,Brooklyn
2800,Manhattan
4564,Manhattan
5850,Manhattan
5200,Manhattan
3300,Manhattan
8200,Manhattan
4000,Manhattan
3800,Manhattan
2999,Brooklyn
3395,Manhattan
15750,Brooklyn
10750,Manhattan
9200,Manhattan
2450,Brooklyn
2764,Brooklyn
2750,Manhattan
4700,Manhattan
4200,Brooklyn
3200,Manhattan
6850,Manhattan
3300,Manhattan
2000,Queens
3350,Brooklyn
2395,Brooklyn
4000,Manhattan
2200,Brooklyn
2735,Manhattan
3800,Manhattan
2870,Queens
18000,Manhattan
4800,Manhattan
4400,Manhattan
3300,Manhattan
4000,Manhattan
2000,Brooklyn
5200,Manhattan
2675,Manhattan
3876,Manhattan
3995,Manhattan
8995,Manhattan
5195,Manhattan
2350,Queens
3600,Queens
2900,Queens
3300,Manhattan
7246,Manhattan
3500,Brooklyn
6995,Manhattan
3410,Queens
2550,Brooklyn
4150,Manhattan
7950,Manhattan
5250,Brooklyn
1699,Manhattan
3805,Brooklyn
2695,Brooklyn
2550,Brooklyn
3495,Manhattan
2500,Manhattan
3480,Manhattan
4925,Manhattan
7150,Manhattan
3550,Manhattan
2430,Manhattan
1875,Manhattan
2300,Brooklyn
2600,Queens
2200,Brooklyn
5500,Manhattan
5999,Manhattan
2500,Manhattan
5940,Manhattan
3700,Queens
3150,Brooklyn
2750,Manhattan
2575,Manhattan
2650,Manhattan
4405,Manhattan
4090,Manhattan
4615,Brooklyn
2385,Manhattan
3050,Brooklyn
6000,Manhattan
2550,Manhattan
3395,Manhattan
2500,Manhattan
1650,Brooklyn
4550,Manhattan
4350,Manhattan
2200,Brooklyn
2450,Queens
2300,Brooklyn
3300,Queens
5600,Manhattan
15750,Manhattan
11500,Brooklyn
18000,Manhattan
2550,Brooklyn
1650,Manhattan
2395,Manhattan
5500,Manhattan
3200,Manhattan
4190,Brooklyn
5630,Brooklyn
3070,Brooklyn
5995,Manhattan
5250,Manhattan
2800,Brooklyn
3100,Brooklyn
5935,Manhattan
3675,Manhattan
1399,Queens
11257,Manhattan
5695,Manhattan
4300,Manhattan
2500,Manhattan
2600,Brooklyn
4600,Manhattan
3055,Manhattan
3250,Brooklyn
3600,Manhattan
1425,Manhattan
3750,Manhattan
3490,Brooklyn
6675,Manhattan
5250,Manhattan
6113,Manhattan
2735,Brooklyn
2300,Brooklyn
4400,Manhattan
4895,Manhattan
2000,Brooklyn
12500,Manhattan
1950,Queens
2400,Brooklyn
3900,Manhattan
5600,Manhattan
2695,Manhattan
2150,Manhattan
2350,Queens
3400,Manhattan
4750,Brooklyn
1750,Brooklyn
4000,Manhattan
2100,Manhattan
4000,Brooklyn
3500,Manhattan
5819,Manhattan
2275,Queens
13250,Manhattan
8995,Manhattan
3200,Manhattan
9995,Manhattan
3500,Manhattan
2995,Manhattan
12500,Manhattan
3200,Manhattan
4500,Manhattan
6050,Manhattan
3000,Manhattan
3190,Manhattan
3795,Brooklyn
2350,Manhattan
4450,Manhattan
2300,Brooklyn
2348,Brooklyn
3500,Queens
2200,Manhattan
4510,Manhattan
3795,Manhattan
3680,Brooklyn
5495,Manhattan
13000,Manhattan
9100,Manhattan
2395,Manhattan
3750,Brooklyn
5500,Manhattan
3100,Manhattan
2100,Manhattan
1450,Queens
3800,Manhattan
1500,Brooklyn
17000,Manhattan
2750,Queens
2800,Brooklyn
3195,Manhattan
3465,Manhattan
2200,Manhattan
5600,Manhattan
14500,Manhattan
4055,Manhattan
3500,Manhattan
3850,Manhattan
3825,Manhattan
5650,Manhattan
1995,Queens
2750,Manhattan
2875,Manhattan
4400,Manhattan
2000,Queens
5758,Manhattan
7500,Manhattan
3750,Manhattan
5550,Brooklyn
2800,Brooklyn
4910,Manhattan
2800,Manhattan
1799,Manhattan
3600,Manhattan
6900,Manhattan
7090,Manhattan
18000,Manhattan
3200,Manhattan
2250,Queens
7495,Manhattan
8000,Queens
2250,Queens
2299,Brooklyn
5300,Manhattan
3000,Manhattan
5000,Manhattan
1350,Queens
2100,Manhattan
2695,Manhattan
2550,Queens
3700,Queens
10905,Manhattan
3640,Manhattan
5300,Manhattan
2545,Queens
10000,Manhattan
5250,Manhattan
2850,Manhattan
2700,Brooklyn
2500,Manhattan
11000,Manhattan
3750,Manhattan
4100,Queens
3500,Manhattan
2095,Queens
2500,Manhattan
3950,Manhattan
1997,Manhattan
2200,Brooklyn
3275,Manhattan
2935,Manhattan
4995,Manhattan
3675,Brooklyn
3500,Brooklyn
5210,Brooklyn
3000,Manhattan
1550,Manhattan
3000,Manhattan
5500,Manhattan
4495,Manhattan
2250,Queens
4695,Manhattan
2200,Manhattan
9075,Manhattan
4500,Manhattan
2750,Manhattan
4300,Manhattan
2600,Brooklyn
2995,Manhattan
3125,Queens
4200,Brooklyn
4150,Brooklyn
4800,Manhattan
5995,Manhattan
4850,Manhattan
3800,Manhattan
3000,Brooklyn
7900,Manhattan
4620,Brooklyn
5400,Manhattan
3000,Brooklyn
2695,Manhattan
3800,Manhattan
6830,Manhattan
7995,Manhattan
1800,Brooklyn
5150,Manhattan
3577,Manhattan
3911,Queens
2900,Manhattan
7499,Manhattan
4725,Manhattan
11000,Manhattan
3557,Manhattan
4550,Manhattan
2200,Manhattan
3495,Brooklyn
3695,Manhattan
1995,Manhattan
17500,Manhattan
5345,Manhattan
1995,Manhattan
2650,Queens
7246,Manhattan
4009,Manhattan
4870,Manhattan
2300,Manhattan
5950,Manhattan
3990,Manhattan
3100,Manhattan
3375,Manhattan
2800,Brooklyn
3625,Manhattan
2000,Queens
3300,Queens
8000,Manhattan
2150,Manhattan
10200,Manhattan
1895,Queens
2395,Brooklyn
10500,Manhattan
4177,Manhattan
2495,Queens
2900,Manhattan
5250,Manhattan
3650,Manhattan
1850,Queens
4500,Manhattan
13500,Manhattan
3595,Brooklyn
1995,Manhattan
15000,Manhattan
2300,Queens
4100,Brooklyn
3250,Manhattan
2795,Manhattan
1700,Brooklyn
1600,Manhattan
3241,Brooklyn
2995,Manhattan
14000,Manhattan
2195,Brooklyn
3645,Manhattan
4750,Manhattan
4120,Brooklyn
4850,Queens
3495,Manhattan
8000,Manhattan
3895,Manhattan
3500,Manhattan
6992,Brooklyn
4500,Manhattan
3219,Manhattan
1995,Manhattan
3570,Manhattan
2775,Manhattan
3025,Manhattan
2950,Manhattan
7495,Manhattan
9167,Manhattan
2200,Queens
7865,Manhattan
2390,Manhattan
14750,Manhattan
3700,Manhattan
3181,Manhattan
6900,Manhattan
4995,Manhattan
7195,Manhattan
3295,Manhattan
2950,Queens
3117,Queens
1650,Queens
3800,Manhattan
5330,Manhattan
6756,Manhattan
4995,Manhattan
5850,Manhattan
2850,Manhattan
4000,Manhattan
1850,Manhattan
13500,Manhattan
3900,Manhattan
2095,Manhattan
2700,Brooklyn
3950,Manhattan
2550,Brooklyn
3400,Manhattan
4575,Manhattan
1585,Queens
2750,Brooklyn
4400,Manhattan
3595,Brooklyn
4500,Brooklyn
4400,Manhattan
3900,Manhattan
6800,Manhattan
2500,Manhattan
2995,Manhattan
4350,Manhattan
7000,Manhattan
2704,Brooklyn
6861,Manhattan
5000,Manhattan
6100,Manhattan
2950,Queens
11995,Manhattan
4100,Manhattan
2500,Manhattan
2500,Brooklyn
4000,Manhattan
2850,Manhattan
8750,Manhattan
2650,Manhattan
1925,Queens
2900,Brooklyn
8000,Manhattan
16000,Manhattan
1995,Manhattan
6000,Manhattan
5475,Manhattan
4200,Brooklyn
1950,Manhattan
4490,Manhattan
3285,Manhattan
5145,Manhattan
2700,Queens
3411,Brooklyn
3100,Manhattan
3899,Brooklyn
2500,Brooklyn
6058,Manhattan
6000,Manhattan
7295,Manhattan
5200,Manhattan
7795,Manhattan
6150,Manhattan
3323,Manhattan
11000,Manhattan
3250,Manhattan
2800,Queens
2650,Queens
6800,Manhattan
4000,Manhattan
3195,Manhattan
3300,Queens
3400,Brooklyn
4000,Manhattan
5900,Manhattan
2495,Manhattan
2350,Queens
2900,Manhattan
4395,Manhattan
7995,Manhattan
4825,Manhattan
6594,Manhattan
9000,Manhattan
1500,Brooklyn
9500,Manhattan
4000,Brooklyn
2700,Manhattan
3500,Manhattan
1850,Queens
14500,Manhattan
2650,Manhattan
4200,Brooklyn
4500,Manhattan
3610,Manhattan
2600,Manhattan
3195,Manhattan
5195,Manhattan
5995,Manhattan
1775,Manhattan
3750,Manhattan
6995,Manhattan
6495,Manhattan
3200,Manhattan
3595,Manhattan
2999,Brooklyn
1350,Queens
3500,Queens
4750,Manhattan
2562,Manhattan
2800,Queens
3500,Manhattan
5250,Brooklyn
4100,Manhattan
4300,Brooklyn
10000,Manhattan
3595,Manhattan
3300,Brooklyn
3300,Brooklyn
8500,Manhattan
7500,Manhattan
4100,Manhattan
3760,Manhattan
5195,Manhattan
4175,Manhattan
3450,Manhattan
3100,Brooklyn
4350,Brooklyn
3400,Manhattan
3200,Manhattan
3700,Manhattan
2500,Brooklyn
3935,Manhattan
2100,Manhattan
3786,Manhattan
2700,Manhattan
3229,Manhattan
2100,Manhattan
1825,Queens
1695,Queens
7600,Manhattan
3550,Manhattan
2750,Manhattan
3500,Brooklyn
3995,Manhattan
2995,Brooklyn
3778,Manhattan
3500,Manhattan
5950,Manhattan
3300,Manhattan
4595,Brooklyn
3067,Brooklyn
3300,Brooklyn
5800,Manhattan
5080,Manhattan
3495,Manhattan
4000,Manhattan
14700,Manhattan
4450,Manhattan
3500,Manhattan
2575,Queens
7550,Manhattan
3000,Manhattan
2700,Manhattan
1750,Queens
2350,Manhattan
4700,Manhattan
3400,Manhattan
4700,Manhattan
4500,Brooklyn
5995,Manhattan
2999,Manhattan
6000,Manhattan
3400,Manhattan
2700,Manhattan
1499,Manhattan
6200,Manhattan
3050,Manhattan
2769,Brooklyn
2275,Queens
7500,Manhattan
4730,Manhattan
2535,Queens
2850,Brooklyn
1850,Brooklyn
5995,Manhattan
1987,Manhattan
3990,Manhattan
2118,Brooklyn
3350,Queens
3500,Brooklyn
6403,Manhattan
7700,Manhattan
4350,Brooklyn
3700,Manhattan
3810,Manhattan
3795,Manhattan
1795,Manhattan
2925,Manhattan
3500,Manhattan
7795,Manhattan
4000,Manhattan
3750,Manhattan
3900,Manhattan
3535,Manhattan
3400,Manhattan
4395,Manhattan
3200,Manhattan
1750,Queens
6725,Manhattan
3000,Manhattan
2000,Brooklyn
2700,Manhattan
4800,Brooklyn
3230,Manhattan
1999,Manhattan
3029,Brooklyn
2000,Brooklyn
3250,Queens
3460,Manhattan
4500,Manhattan
2585,Brooklyn
2050,Brooklyn
2895,Manhattan
2950,Brooklyn
2685,Manhattan
4500,Manhattan
6100,Manhattan
5000,Brooklyn
3300,Queens
3200,Queens
3900,Manhattan
3985,Manhattan
3525,Manhattan
6520,Manhattan
1995,Manhattan
2995,Brooklyn
2400,Brooklyn
3875,Brooklyn
4100,Brooklyn
2250,Manhattan
6300,Manhattan
2775,Manhattan
3300,Manhattan
3000,Manhattan
5100,Brooklyn
6000,Manhattan
4895,Manhattan
2450,Manhattan
4250,Manhattan
16000,Manhattan
3100,Manhattan
2050,Manhattan
3720,Manhattan
7500,Manhattan
3750,Brooklyn
3755,Manhattan
2200,Brooklyn
2395,Brooklyn
9000,Manhattan
3840,Manhattan
2428,Brooklyn
2800,Manhattan
7750,Manhattan
2000,Manhattan
1899,Manhattan
5000,Manhattan
3800,Manhattan
4800,Manhattan
3500,Manhattan
1750,Queens
8200,Manhattan
3636,Manhattan
2795,Manhattan
4995,Manhattan
8000,Manhattan
7500,Manhattan
3300,Manhattan
9000,Manhattan
2450,Manhattan
4637,Manhattan
3813,Manhattan
2400,Manhattan
6815,Manhattan
2200,Brooklyn
3385,Brooklyn
3175,Manhattan
5995,Brooklyn
4000,Manhattan
4200,Manhattan
11000,Manhattan
2575,Brooklyn
2950,Queens
4500,Brooklyn
15000,Manhattan
2764,Manhattan
3450,Brooklyn
2800,Manhattan
12000,Manhattan
3750,Manhattan
4995,Manhattan
2200,Manhattan
4500,Manhattan
6250,Manhattan
7350,Manhattan
3150,Manhattan
4400,Manhattan
12500,Manhattan
6100,Manhattan
4116,Manhattan
3305,Brooklyn
3895,Manhattan
4080,Manhattan
4355,Manhattan
7800,Manhattan
3795,Queens
2400,Brooklyn
3800,Manhattan
1581,Brooklyn
6495,Manhattan
3999,Brooklyn
2999,Brooklyn
2600,Queens
3300,Brooklyn
1875,Brooklyn
4499,Manhattan
3000,Manhattan
3400,Brooklyn
4695,Manhattan
2000,Brooklyn
2950,Manhattan
3800,Manhattan
3497,Manhattan
3150,Manhattan
3195,Manhattan
5200,Manhattan
10000,Manhattan
3500,Manhattan
3453,Manhattan
3995,Manhattan
3950,Brooklyn
3595,Brooklyn
11800,Manhattan
1550,Queens
3000,Brooklyn
3000,Manhattan
11500,Manhattan
2600,Queens
2895,Manhattan
2595,Manhattan
11000,Manhattan
3395,Manhattan
13000,Manhattan
4000,Manhattan
3650,Manhattan
3200,Brooklyn
2450,Manhattan
3100,Queens
4395,Manhattan
2950,Manhattan
1799,Brooklyn
1600,Queens
3875,Manhattan
4250,Manhattan
4600,Manhattan
4250,Manhattan
4950,Manhattan
3940,Manhattan
5995,Manhattan
6920,Manhattan
5700,Manhattan
5000,Manhattan
7000,Manhattan
13000,Manhattan
4600,Manhattan
2500,Brooklyn
2945,Queens
7500,Manhattan
3125,Manhattan
2615,Brooklyn
2251,Brooklyn
4000,Manhattan
3642,Manhattan
3200,Brooklyn
7000,Manhattan
3120,Brooklyn
11495,Manhattan
3850,Manhattan
2500,Manhattan
4300,Manhattan
11500,Manhattan
3325,Manhattan
3400,Manhattan
3759,Manhattan
2400,Manhattan
9995,Manhattan
8000,Manhattan
4430,Manhattan
3000,Queens
3250,Manhattan
1800,Queens
8800,Manhattan
1600,Queens
4245,Manhattan
4650,Manhattan
2425,Manhattan
2325,Manhattan
2650,Brooklyn
2650,Manhattan
3200,Manhattan
3395,Manhattan
3195,Brooklyn
5350,Manhattan
2300,Manhattan
1250,Queens
3758,Brooklyn
3434,Brooklyn
3750,Manhattan
2400,Brooklyn
3911,Queens
2870,Manhattan
2099,Manhattan
6495,Manhattan
4055,Manhattan
2395,Manhattan
2850,Manhattan
7350,Manhattan
13500,Brooklyn
4584,Manhattan
3400,Queens
3795,Manhattan
2300,Brooklyn
2845,Manhattan
3211,Manhattan
2895,Manhattan
5740,Manhattan
3150,Manhattan
2795,Queens
4569,Manhattan
3295,Brooklyn
2995,Manhattan
2600,Queens
3900,Manhattan
2850,Brooklyn
4995,Manhattan
1995,Manhattan
9000,Manhattan
7200,Manhattan
3388,Manhattan
4885,Manhattan
1585,Queens
2250,Brooklyn
3200,Manhattan
3400,Manhattan
6917,Manhattan
2650,Manhattan
3100,Manhattan
11000,Manhattan
2670,Manhattan
12995,Manhattan
3080,Brooklyn
6700,Manhattan
2750,Manhattan
2895,Manhattan
2500,Brooklyn
2950,Manhattan
3999,Manhattan
4395,Manhattan
3995,Manhattan
3325,Brooklyn
1500,Brooklyn
4000,Manhattan
3900,Manhattan
1938,Brooklyn
2450,Queens
4200,Manhattan
20000,Manhattan
14950,Manhattan
3213,Manhattan
1650,Queens
2195,Manhattan
7995,Manhattan
3850,Manhattan
6900,Manhattan
13500,Manhattan
3665,Manhattan
2650,Queens
3700,Manhattan
2995,Manhattan
3300,Manhattan
3350,Manhattan
1399,Queens
2950,Manhattan
6600,Manhattan
6840,Manhattan
4269,Manhattan
3800,Manhattan
7495,Manhattan
4195,Manhattan
3000,Brooklyn
4200,Manhattan
2600,Manhattan
6853,Manhattan
5400,Manhattan
4100,Brooklyn
2900,Brooklyn
3700,Manhattan
1700,Queens
3900,Manhattan
3117,Brooklyn
2600,Brooklyn
3800,Manhattan
2550,Manhattan
2500,Manhattan
8995,Manhattan
2195,Manhattan
10750,Manhattan
3395,Manhattan
7995,Manhattan
5200,Manhattan
3200,Manhattan
6650,Manhattan
3600,Brooklyn
2350,Brooklyn
7600,Manhattan
3900,Manhattan
3300,Brooklyn
2245,Manhattan
2000,Queens
2700,Manhattan
3400,Manhattan
5650,Manhattan
2400,Manhattan
4700,Manhattan
3345,Manhattan
2100,Manhattan
2695,Manhattan
3600,Manhattan
3550,Manhattan
10000,Manhattan
10900,Manhattan
8400,Manhattan
3300,Brooklyn
5695,Manhattan
3150,Brooklyn
7500,Manhattan
3400,Brooklyn
1800,Queens
2450,Manhattan
2935,Manhattan
5600,Manhattan
2689,Manhattan
3775,Manhattan
4000,Manhattan
4000,Brooklyn
2300,Brooklyn
2575,Brooklyn
3800,Manhattan
1600,Brooklyn
2995,Brooklyn
5700,Manhattan
3100,Manhattan
2100,Brooklyn
2600,Manhattan
2100,Manhattan
2695,Queens
9400,Brooklyn
4523,Manhattan
5500,Manhattan
2300,Manhattan
4995,Manhattan
4130,Manhattan
3100,Manhattan
3950,Manhattan
9000,Manhattan
3200,Brooklyn
3020,Manhattan
3134,Manhattan
5400,Manhattan
2700,Manhattan
1625,Queens
2095,Queens
9250,Manhattan
10000,Manhattan
12500,Manhattan
2150,Brooklyn
2495,Brooklyn
9500,Manhattan
2400,Manhattan
3200,Manhattan
4495,Manhattan
3250,Manhattan
9250,Manhattan
16000,Manhattan
2550,Manhattan
3195,Manhattan
2590,Manhattan
2995,Manhattan
4600,Brooklyn
4000,Manhattan
12750,Manhattan
7995,Manhattan
4200,Manhattan
6400,Manhattan
2300,Brooklyn
3850,Manhattan
3399,Manhattan
2760,Manhattan
3300,Manhattan
3975,Manhattan
4000,Manhattan
2450,Manhattan
3495,Manhattan
4600,Brooklyn
4200,Manhattan
7880,Manhattan
2250,Manhattan
7800,Manhattan
1900,Brooklyn
5395,Manhattan
5000,Manhattan
3200,Manhattan
2150,Queens
6900,Manhattan
5995,Manhattan
5125,Manhattan
20000,Manhattan
8980,Manhattan
10400,Manhattan
3700,Manhattan
3995,Brooklyn
9300,Manhattan
3139,Queens
4800,Manhattan
10000,Manhattan
2975,Brooklyn
3800,Manhattan
2600,Manhattan
2750,Brooklyn
6995,Manhattan
3750,Manhattan
2750,Manhattan
6500,Manhattan
4210,Manhattan
4500,Manhattan
2750,Brooklyn
1465,Queens
2695,Manhattan
1450,Queens
2600,Manhattan
7895,Manhattan
3800,Manhattan
2700,Manhattan
2600,Manhattan
3200,Manhattan
3088,Manhattan
2395,Manhattan
2000,Queens
2900,Manhattan
3750,Manhattan
9500,Manhattan
4660,Manhattan
3099,Brooklyn
2500,Manhattan
16750,Manhattan
6900,Manhattan
4195,Manhattan
6600,Manhattan
3125,Manhattan
3545,Manhattan
2595,Manhattan
8500,Manhattan
7995,Manhattan
16000,Brooklyn
4150,Manhattan
3600,Brooklyn
3385,Brooklyn
4381,Manhattan
1800,Brooklyn
3050,Brooklyn
3900,Manhattan
18900,Manhattan
1800,Brooklyn
5250,Manhattan
2800,Queens
2635,Manhattan
2200,Manhattan
2900,Manhattan
8500,Manhattan
3090,Manhattan
9162,Manhattan
4600,Manhattan
1750,Manhattan
3350,Manhattan
3250,Manhattan
5300,Manhattan
6565,Brooklyn
2199,Manhattan
4750,Manhattan
2600,Queens
1975,Queens
5855,Manhattan
2200,Queens
2799,Brooklyn
2100,Queens
4500,Brooklyn
3500,Manhattan
3025,Brooklyn
3610,Manhattan
2000,Queens
2854,Manhattan
2025,Queens
3700,Brooklyn
17900,Manhattan
1625,Queens
5295,Manhattan
6000,Manhattan
3150,Manhattan
6000,Manhattan
11750,Manhattan
1900,Queens
1800,Queens
3850,Manhattan
2570,Manhattan
3325,Manhattan
2700,Queens
4181,Manhattan
3235,Manhattan
2500,Brooklyn
13250,Manhattan
3550,Manhattan
13500,Manhattan
3200,Manhattan
3800,Manhattan
2600,Brooklyn
2800,Manhattan
10500,Manhattan
2500,Manhattan
4500,Manhattan
4900,Manhattan
2600,Manhattan
3900,Brooklyn
2900,Queens
2750,Manhattan
2595,Queens
5500,Manhattan
4720,Manhattan
2150,Manhattan
2100,Brooklyn
6200,Manhattan
3850,Brooklyn
1875,Manhattan
8300,Manhattan
3345,Manhattan
9000,Manhattan
3225,Brooklyn
2500,Brooklyn
7600,Manhattan
2735,Brooklyn
4185,Manhattan
2250,Brooklyn
3595,Manhattan
3085,Manhattan
2940,Brooklyn
2250,Manhattan
1450,Queens
6900,Manhattan
2640,Brooklyn
3950,Manhattan
1795,Brooklyn
4303,Brooklyn
15000,Manhattan
11500,Manhattan
7650,Manhattan
3900,Manhattan
18250,Manhattan
7295,Manhattan
1695,Brooklyn
7095,Manhattan
8500,Manhattan
3845,Manhattan
5515,Manhattan
3500,Manhattan
3400,Manhattan
3799,Manhattan
3092,Brooklyn
2000,Brooklyn
3299,Manhattan
3375,Manhattan
5750,Manhattan
4695,Manhattan
8657,Manhattan
2050,Brooklyn
4950,Manhattan
2395,Brooklyn
4250,Manhattan
3850,Brooklyn
2950,Manhattan
2800,Manhattan
3742,Manhattan
3495,Manhattan
3210,Manhattan
8375,Manhattan
3350,Manhattan
3600,Manhattan
3295,Manhattan
3350,Manhattan
3695,Brooklyn
3300,Brooklyn
2750,Brooklyn
5200,Manhattan
3125,Queens
3500,Brooklyn
1550,Queens
1750,Manhattan
4850,Manhattan
2395,Manhattan
3600,Manhattan
1850,Brooklyn
4250,Manhattan
3750,Manhattan
2300,Brooklyn
2995,Manhattan
5400,Manhattan
3100,Brooklyn
7250,Manhattan
12500,Manhattan
3920,Manhattan
5735,Manhattan
3300,Manhattan
2499,Manhattan
4000,Manhattan
2870,Manhattan
2200,Brooklyn
4200,Brooklyn
16750,Manhattan
1900,Queens
1950,Brooklyn
3900,Manhattan
4100,Manhattan
5057,Queens
2995,Manhattan
2400,Manhattan
9500,Manhattan
15000,Manhattan
3675,Manhattan
2800,Brooklyn
2300,Manhattan
2400,Brooklyn
12500,Manhattan
2625,Queens
8599,Manhattan
2700,Manhattan
5500,Manhattan
3875,Brooklyn
2950,Manhattan
4500,Manhattan
10600,Manhattan
1795,Queens
6700,Manhattan
2300,Brooklyn
3270,Brooklyn
3505,Manhattan
2300,Queens
4350,Brooklyn
4585,Manhattan
4500,Manhattan
3712,Manhattan
1850,Queens
3195,Brooklyn
3500,Brooklyn
9000,Brooklyn
1900,Brooklyn
5780,Manhattan
2499,Queens
2849,Manhattan
3715,Manhattan
9000,Brooklyn
7650,Manhattan
2200,Brooklyn
6650,Manhattan
4200,Brooklyn
3650,Manhattan
1800,Brooklyn
3450,Manhattan
2100,Queens
3400,Manhattan
5340,Manhattan
2800,Manhattan
7999,Manhattan
14200,Manhattan
3450,Brooklyn
2840,Brooklyn
2750,Brooklyn
2800,Brooklyn
4995,Manhattan
3695,Manhattan
1550,Brooklyn
4110,Manhattan
3400,Queens
1650,Brooklyn
1800,Brooklyn
3200,Brooklyn
1950,Manhattan
2050,Manhattan
1725,Queens
2400,Brooklyn
3500,Manhattan
3300,Manhattan
3000,Brooklyn
2700,Manhattan
2950,Manhattan
5600,Manhattan
4995,Manhattan
2625,Brooklyn
5200,Brooklyn
4545,Brooklyn
5200,Manhattan
4500,Brooklyn
2149,Brooklyn
3800,Manhattan
3300,Queens
3950,Manhattan
3195,Manhattan
1650,Queens
4400,Manhattan
1625,Queens
3195,Manhattan
2500,Manhattan
5900,Manhattan
4500,Manhattan
9995,Manhattan
3100,Manhattan
2495,Manhattan
2800,Brooklyn
3095,Manhattan
4595,Manhattan
2245,Manhattan
8250,Manhattan
1500,Brooklyn
1299,Queens
2850,Brooklyn
4750,Manhattan
14000,Manhattan
18450,Manhattan
4895,Manhattan
2814,Brooklyn
5995,Manhattan
4500,Manhattan
3800,Manhattan
2200,Brooklyn
9800,Manhattan
1550,Manhattan
3700,Manhattan
10400,Manhattan
2750,Manhattan
4450,Manhattan
17000,Manhattan
1950,Manhattan
15900,Manhattan
3187,Manhattan
3300,Manhattan
2150,Manhattan
2750,Queens
1950,Manhattan
2750,Manhattan
5995,Brooklyn
8500,Manhattan
2600,Brooklyn
1425,Brooklyn
2650,Brooklyn
5535,Manhattan
3350,Manhattan
3885,Manhattan
7100,Manhattan
4000,Manhattan
2350,Brooklyn
2200,Queens
5595,Manhattan
6650,Manhattan
2450,Brooklyn
3465,Manhattan
3950,Brooklyn
2825,Queens
3058,Manhattan
2495,Manhattan
7550,Manhattan
2990,Manhattan
2495,Brooklyn
2925,Manhattan
13000,Manhattan
1750,Queens
1650,Brooklyn
9900,Manhattan
3631,Manhattan
2899,Brooklyn
2650,Brooklyn
1662,Manhattan
8000,Manhattan
3800,Manhattan
9995,Manhattan
1750,Brooklyn
2825,Manhattan
6295,Manhattan
15000,Manhattan
3500,Manhattan
7085,Manhattan
1750,Brooklyn
2875,Brooklyn
4350,Manhattan
7250,Manhattan
3300,Manhattan
4950,Manhattan
17495,Manhattan
4850,Manhattan
4995,Manhattan
2050,Queens
11900,Manhattan
1500,Queens
2200,Brooklyn
3600,Manhattan
1695,Manhattan
8500,Manhattan
6700,Manhattan
3900,Manhattan
6700,Manhattan
5500,Manhattan
3895,Brooklyn
13800,Manhattan
2850,Manhattan
3295,Manhattan
4300,Manhattan
3800,Manhattan
2000,Queens
3045,Brooklyn
4650,Manhattan
2800,Manhattan
6800,Manhattan
6750,Manhattan
3200,Brooklyn
1325,Brooklyn
4300,Manhattan
5250,Manhattan
5890,Manhattan
3500,Manhattan
2498,Queens
2995,Brooklyn
3184,Manhattan
4900,Manhattan
2392,Manhattan
3060,Manhattan
2900,Queens
4450,Queens
3600,Manhattan
6950,Manhattan
4363,Manhattan
2650,Manhattan
2300,Brooklyn
3810,Manhattan
1750,Queens
6900,Manhattan
4100,Manhattan
3712,Manhattan
1625,Manhattan
3375,Manhattan
3705,Manhattan
4707,Queens
2800,Manhattan
4041,Manhattan
7000,Manhattan
3000,Manhattan
3000,Manhattan
17500,Manhattan
5300,Manhattan
7500,Manhattan
2755,Manhattan
2380,Queens
3850,Manhattan
4075,Brooklyn
10950,Manhattan
3225,Queens
1650,Queens
4275,Manhattan
2750,Queens
3200,Manhattan
5897,Manhattan
3400,Brooklyn
2350,Queens
8800,Manhattan
2000,Queens
1795,Brooklyn
5100,Brooklyn
3800,Manhattan
3200,Brooklyn
15000,Manhattan
5972,Manhattan
3120,Manhattan
3670,Manhattan
3495,Brooklyn
3155,Brooklyn
2150,Manhattan
3950,Manhattan
4899,Brooklyn
1600,Brooklyn
3495,Manhattan
3500,Brooklyn
2353,Manhattan
6100,Manhattan
2700,Queens
2495,Manhattan
4442,Manhattan
5995,Manhattan
1625,Manhattan
4488,Brooklyn
4250,Manhattan
1475,Brooklyn
8195,Manhattan
1625,Queens
5200,Manhattan
2895,Queens
2225,Queens
1575,Queens
4500,Manhattan
5100,Manhattan
3530,Manhattan
3395,Manhattan
1900,Queens
3825,Manhattan
14000,Manhattan
5425,Manhattan
2100,Brooklyn
3910,Manhattan
3950,Manhattan
12000,Manhattan
8795,Manhattan
8500,Manhattan
2400,Manhattan
1500,Queens
3140,Manhattan
2800,Brooklyn
3100,Brooklyn
1741,Queens
1950,Queens
4300,Manhattan
2750,Manhattan
4995,Manhattan
6795,Manhattan
5995,Manhattan
7500,Manhattan
3775,Manhattan
2700,Manhattan
2250,Manhattan
2400,Brooklyn
6500,Brooklyn
3700,Manhattan
2500,Brooklyn
3275,Queens
2500,Brooklyn
5300,Manhattan
2720,Brooklyn
3195,Manhattan
3900,Manhattan
2750,Manhattan
4302,Manhattan
3200,Brooklyn
7995,Manhattan
7995,Manhattan
4000,Manhattan
6200,Manhattan
2499,Manhattan
2499,Manhattan
7115,Manhattan
3100,Manhattan
5500,Manhattan
7995,Manhattan
2815,Brooklyn
3000,Manhattan
13000,Manhattan
3515,Brooklyn
2650,Brooklyn
3960,Manhattan
2750,Manhattan
3500,Manhattan
4800,Manhattan
4500,Manhattan
3750,Manhattan
4047,Manhattan
1975,Queens
4600,Manhattan
1675,Brooklyn
3300,Manhattan
1900,Brooklyn
8100,Manhattan
3000,Brooklyn
6850,Manhattan
15000,Manhattan
4500,Manhattan
4300,Manhattan
3200,Manhattan
4100,Manhattan
16000,Brooklyn
4600,Manhattan
3950,Manhattan
4600,Manhattan
3650,Manhattan
4675,Brooklyn
2750,Brooklyn
2365,Manhattan
3700,Manhattan
3550,Manhattan
3800,Manhattan
6000,Manhattan
3400,Manhattan
6400,Manhattan
4800,Brooklyn
2700,Brooklyn
2835,Manhattan
5555,Manhattan
2850,Manhattan
4200,Brooklyn
1875,Queens
3600,Manhattan
3900,Manhattan
3650,Manhattan
2295,Queens
2600,Brooklyn
2900,Manhattan
8500,Manhattan
2100,Manhattan
2625,Manhattan
2800,Manhattan
4795,Manhattan
11250,Manhattan
4895,Manhattan
6995,Manhattan
2900,Manhattan
2995,Manhattan
1750,Queens
3850,Manhattan
3175,Brooklyn
1850,Queens
2850,Brooklyn
3515,Manhattan
3200,Manhattan
4650,Manhattan
3525,Manhattan
4600,Manhattan
4850,Manhattan
4195,Manhattan
2790,Manhattan
5400,Manhattan
3225,Queens
3800,Manhattan
7800,Manhattan
2790,Manhattan
9950,Manhattan
3795,Manhattan
6125,Manhattan
14995,Manhattan
2995,Manhattan
4260,Manhattan
7999,Manhattan
1950,Queens
4300,Manhattan
2450,Manhattan
3195,Manhattan
12000,Manhattan
2250,Manhattan
3450,Manhattan
2595,Manhattan
7150,Manhattan
3500,Brooklyn
2900,Manhattan
1850,Manhattan
4035,Manhattan
1995,Brooklyn
2400,Brooklyn
4425,Manhattan
3795,Manhattan
4000,Manhattan
2215,Brooklyn
4600,Brooklyn
1975,Queens
4855,Manhattan
2960,Manhattan
2625,Manhattan
6500,Manhattan
3350,Manhattan
3600,Manhattan
4033,Brooklyn
3500,Manhattan
10000,Manhattan
4350,Brooklyn
5262,Brooklyn
6600,Manhattan
3000,Manhattan
3150,Manhattan
3900,Brooklyn
4000,Manhattan
2950,Queens
5050,Manhattan
2600,Manhattan
1585,Queens
3275,Manhattan
10750,Manhattan
3000,Brooklyn
4350,Brooklyn
4350,Brooklyn
6750,Manhattan
1800,Queens
3495,Manhattan
8900,Manhattan
4100,Manhattan
3375,Brooklyn
2500,Brooklyn
2500,Manhattan
3375,Manhattan
1850,Brooklyn
3500,Queens
7125,Manhattan
6080,Manhattan
4995,Brooklyn
3595,Manhattan
1581,Brooklyn
4500,Manhattan
4170,Manhattan
5260,Manhattan
3600,Manhattan
3200,Manhattan
3500,Manhattan
5120,Manhattan
3800,Manhattan
2600,Manhattan
3299,Brooklyn
6400,Manhattan
8500,Manhattan
2700,Manhattan
3140,Manhattan
4500,Manhattan
6250,Brooklyn
6600,Brooklyn
7550,Manhattan
3950,Manhattan
5900,Brooklyn
9995,Manhattan
4965,Manhattan
6350,Manhattan
5100,Manhattan
3800,Manhattan
6949,Manhattan
1800,Brooklyn
3700,Manhattan
6080,Manhattan
4390,Brooklyn
9900,Manhattan
2300,Manhattan
2150,Brooklyn
7500,Manhattan
4250,Manhattan
2750,Manhattan
2350,Manhattan
2500,Queens
1900,Brooklyn
2495,Brooklyn
5495,Manhattan
4400,Brooklyn
1895,Queens
2585,Manhattan
2975,Manhattan
2900,Manhattan
3500,Manhattan
17000,Manhattan
4314,Brooklyn
4295,Manhattan
3350,Manhattan
2900,Queens
5440,Manhattan
4705,Manhattan
1925,Queens
2100,Brooklyn
7100,Manhattan
4600,Manhattan
2480,Brooklyn
3380,Manhattan
3750,Manhattan
7505,Manhattan
4500,Manhattan
2650,Manhattan
6500,Manhattan
2700,Brooklyn
1725,Queens
4695,Brooklyn
2750,Brooklyn
5650,Manhattan
5317,Brooklyn
5800,Manhattan
6750,Manhattan
5700,Manhattan
4200,Manhattan
7000,Manhattan
4100,Manhattan
2750,Manhattan
2400,Manhattan
2650,Brooklyn
4199,Queens
3320,Brooklyn
1950,Manhattan
3125,Manhattan
2700,Brooklyn
3150,Manhattan
20000,Manhattan
5150,Manhattan
4895,Manhattan
8900,Manhattan
10500,Manhattan
4965,Manhattan
1895,Manhattan
2750,Manhattan
2950,Queens
1990,Manhattan
4895,Manhattan
2600,Queens
5454,Manhattan
3850,Manhattan
2995,Manhattan
4050,Manhattan
4850,Manhattan
7495,Manhattan
3500,Manhattan
2500,Brooklyn
2300,Brooklyn
3495,Manhattan
7000,Manhattan
6400,Queens
3200,Manhattan
2750,Brooklyn
6950,Manhattan
3000,Manhattan
2095,Manhattan
2050,Manhattan
3300,Manhattan
2965,Brooklyn
5900,Manhattan
4300,Manhattan
1984,Brooklyn
2095,Manhattan
3900,Brooklyn
1950,Queens
2790,Manhattan
1625,Queens
2350,Brooklyn
8000,Manhattan
3300,Manhattan
4050,Brooklyn
1895,Brooklyn
3500,Manhattan
4800,Manhattan
3000,Queens
3392,Manhattan
3200,Manhattan
4500,Manhattan
2100,Manhattan
1500,Brooklyn
4200,Manhattan
6900,Manhattan
2550,Queens
3800,Manhattan
4300,Manhattan
5250,Manhattan
5700,Manhattan
1550,Brooklyn
2100,Manhattan
13300,Manhattan
6200,Manhattan
3100,Manhattan
1900,Queens
4600,Brooklyn
3500,Brooklyn
3000,Queens
3450,Queens
5500,Manhattan
2000,Manhattan
2600,Brooklyn
2995,Brooklyn
10662,Manhattan
1850,Brooklyn
2350,Queens
2200,Brooklyn
3000,Brooklyn
4400,Manhattan
2050,Queens
2895,Manhattan
7000,Manhattan
2100,Brooklyn
6000,Manhattan
10995,Manhattan
4965,Manhattan
2575,Manhattan
4000,Manhattan
3950,Queens
7500,Manhattan
10000,Manhattan
2995,Manhattan
2854,Brooklyn
3490,Manhattan
2945,Manhattan
9950,Manhattan
5461,Manhattan
2385,Manhattan
8200,Manhattan
3995,Manhattan
2300,Manhattan
5150,Manhattan
6600,Manhattan
4800,Manhattan
5827,Manhattan
5244,Manhattan
4190,Brooklyn
6000,Manhattan
2800,Queens
4700,Manhattan
7500,Manhattan
14900,Manhattan
4000,Manhattan
4000,Queens
2550,Manhattan
2500,Brooklyn
7500,Manhattan
3675,Manhattan
5000,Manhattan
3600,Manhattan
3100,Brooklyn
6995,Brooklyn
4795,Manhattan
6850,Manhattan
8500,Manhattan
4785,Manhattan
3365,Manhattan
3700,Manhattan
2650,Brooklyn
4025,Brooklyn
6000,Manhattan
2950,Queens
2300,Manhattan
4300,Manhattan
1975,Manhattan
8900,Brooklyn
5200,Manhattan
2700,Manhattan
1500,Queens
3800,Manhattan
2200,Brooklyn
2500,Brooklyn
6225,Manhattan
7900,Manhattan
7500,Manhattan
2250,Manhattan
6500,Manhattan
7950,Manhattan
3450,Manhattan
12500,Manhattan
6695,Manhattan
2195,Brooklyn
3500,Queens
3500,Manhattan
7500,Manhattan
3400,Queens
4200,Manhattan
3850,Manhattan
2900,Manhattan
3695,Manhattan
4400,Manhattan
4950,Manhattan
3675,Brooklyn
3100,Brooklyn
1795,Manhattan
2595,Manhattan
2300,Queens
3625,Manhattan
6500,Manhattan
3200,Manhattan
3350,Brooklyn
2650,Brooklyn
5500,Manhattan
3400,Brooklyn
4370,Brooklyn
1695,Brooklyn
3300,Brooklyn
1950,Queens
3230,Manhattan
1650,Brooklyn
2595,Manhattan
1800,Queens
4500,Brooklyn
1550,Brooklyn
12500,Manhattan
2999,Manhattan
1800,Queens
7350,Manhattan
3575,Manhattan
2550,Manhattan
3000,Manhattan
2750,Manhattan
18000,Manhattan
3215,Manhattan
2250,Manhattan
1600,Brooklyn
5500,Manhattan
2750,Manhattan
3400,Brooklyn
6600,Manhattan
12000,Manhattan
5995,Manhattan
7800,Manhattan
3500,Manhattan
2999,Brooklyn
4700,Brooklyn
2099,Manhattan
5200,Manhattan
3800,Manhattan
8100,Manhattan
3550,Manhattan
3750,Brooklyn
10000,Manhattan
6595,Manhattan
3342,Manhattan
5758,Manhattan
10500,Manhattan
4100,Manhattan
2300,Manhattan
8500,Manhattan
5495,Manhattan
15000,Manhattan
1900,Brooklyn
6000,Manhattan
3345,Manhattan
3900,Manhattan
3495,Manhattan
6755,Manhattan
4006,Manhattan
3650,Manhattan
2200,Brooklyn
3342,Manhattan
3600,Manhattan
2895,Manhattan
3000,Brooklyn
4995,Manhattan
3970,Manhattan
2150,Manhattan
2200,Manhattan
4950,Brooklyn
4595,Manhattan
3820,Manhattan
4200,Manhattan
2400,Brooklyn
10000,Manhattan
8500,Manhattan
4995,Manhattan
1850,Brooklyn
3400,Brooklyn
2250,Brooklyn
7500,Manhattan
3495,Manhattan
5668,Manhattan
2600,Brooklyn
6250,Manhattan
4200,Manhattan
9000,Manhattan
2200,Brooklyn
1400,Brooklyn
9750,Manhattan
9500,Manhattan
2199,Manhattan
4200,Brooklyn
6895,Manhattan
1600,Manhattan
2550,Manhattan
2400,Queens
7800,Manhattan
2100,Queens
5395,Manhattan
1525,Manhattan
2250,Brooklyn
4200,Manhattan
3140,Manhattan
2300,Queens
3500,Manhattan
2000,Queens
5699,Brooklyn
5999,Brooklyn
2950,Manhattan
3800,Queens
4495,Brooklyn
1400,Brooklyn
2850,Manhattan
10904,Manhattan
2595,Manhattan
15000,Manhattan
3790,Manhattan
3350,Manhattan
2300,Queens
7750,Manhattan
6118,Manhattan
2800,Manhattan
2675,Brooklyn
6850,Brooklyn
1400,Brooklyn
5200,Manhattan
5000,Manhattan
1600,Queens
3975,Queens
7900,Manhattan
6500,Manhattan
6350,Manhattan
3800,Brooklyn
2000,Brooklyn
2950,Queens
2950,Queens
6500,Manhattan
3800,Manhattan
1971,Brooklyn
8500,Manhattan
1375,Brooklyn
3995,Manhattan
2750,Manhattan
10500,Manhattan
3300,Manhattan
2325,Manhattan
2650,Brooklyn
7500,Manhattan
5995,Manhattan
2995,Manhattan
3029,Brooklyn
5500,Manhattan
2970,Brooklyn
5155,Manhattan
10900,Manhattan
12500,Manhattan
5400,Manhattan
4800,Manhattan
1950,Manhattan
2250,Queens
10000,Manhattan
2300,Manhattan
1625,Queens
3300,Brooklyn
1875,Queens
11000,Manhattan
5295,Brooklyn
2450,Brooklyn
3800,Brooklyn
2550,Queens
3100,Manhattan
4273,Manhattan
3595,Brooklyn
6395,Manhattan
2600,Manhattan
2650,Queens
2695,Manhattan
2900,Manhattan
8995,Manhattan
3225,Brooklyn
3950,Manhattan
3600,Manhattan
12000,Manhattan
2600,Brooklyn
6000,Manhattan
3323,Manhattan
3100,Manhattan
5740,Manhattan
11000,Manhattan
2775,Brooklyn
2550,Manhattan
4595,Brooklyn
3375,Manhattan
3050,Manhattan
1775,Brooklyn
1700,Manhattan
3350,Brooklyn
2150,Manhattan
2200,Manhattan
3700,Manhattan
2474,Brooklyn
1695,Brooklyn
8500,Manhattan
3645,Manhattan
4768,Manhattan
2570,Brooklyn
2850,Manhattan
2763,Manhattan
19950,Manhattan
3100,Brooklyn
6495,Manhattan
2400,Queens
3695,Manhattan
5300,Queens
5000,Manhattan
2900,Manhattan
6250,Brooklyn
4950,Manhattan
3500,Brooklyn
6495,Manhattan
3125,Queens
3600,Manhattan
3250,Brooklyn
2600,Queens
5500,Manhattan
4995,Brooklyn
2550,Manhattan
3675,Manhattan
3425,Manhattan
5325,Manhattan
2000,Brooklyn
11000,Manhattan
1500,Manhattan
3400,Brooklyn
1850,Manhattan
5200,Manhattan
1650,Brooklyn
2450,Manhattan
12500,Manhattan
4900,Brooklyn
6495,Manhattan
3300,Manhattan
3500,Manhattan
1950,Manhattan
3995,Manhattan
3808,Manhattan
3995,Manhattan
1995,Manhattan
4750,Queens
6400,Manhattan
3500,Manhattan
3795,Manhattan
3060,Manhattan
4200,Manhattan
3400,Manhattan
12000,Manhattan
3795,Manhattan
3300,Manhattan
3200,Manhattan
5100,Manhattan
4750,Brooklyn
2250,Queens
2775,Manhattan
3400,Manhattan
7450,Manhattan
4685,Manhattan
2745,Brooklyn
6800,Manhattan
3895,Manhattan
9000,Manhattan
3250,Manhattan
3600,Manhattan
3399,Manhattan
2590,Brooklyn
1575,Brooklyn
4350,Brooklyn
2595,Manhattan
5995,Manhattan
3750,Manhattan
2850,Manhattan
8000,Manhattan
19950,Manhattan
1950,Brooklyn
4100,Manhattan
2400,Brooklyn
3500,Brooklyn
9855,Manhattan
2395,Manhattan
2750,Manhattan
4650,Manhattan
1850,Brooklyn
5900,Manhattan
3130,Manhattan
7500,Manhattan
2200,Queens
4900,Manhattan
3350,Manhattan
4134,Manhattan
14000,Manhattan
5250,Manhattan
16995,Manhattan
10500,Manhattan
4900,Brooklyn
2450,Manhattan
1650,Brooklyn
6900,Manhattan
2700,Manhattan
4000,Brooklyn
2550,Manhattan
3950,Manhattan
5300,Manhattan
4246,Brooklyn
4400,Brooklyn
5500,Manhattan
4450,Manhattan
5050,Manhattan
4850,Brooklyn
8250,Manhattan
3195,Manhattan
5299,Brooklyn
1600,Manhattan
5900,Manhattan
13750,Manhattan
2695,Manhattan
4480,Manhattan
5200,Manhattan
3500,Manhattan
4686,Manhattan
5995,Manhattan
3295,Manhattan
4000,Manhattan
1835,Queens
2600,Brooklyn
20000,Manhattan
7675,Manhattan
2700,Brooklyn
5500,Manhattan
5039,Brooklyn
6995,Manhattan
4975,Manhattan
1475,Queens
7995,Manhattan
1700,Manhattan
2000,Brooklyn
2377,Manhattan
3905,Manhattan
2595,Manhattan
3705,Manhattan
4600,Manhattan
10500,Manhattan
9500,Manhattan
5200,Manhattan
4100,Manhattan
3500,Manhattan
2990,Manhattan
12000,Manhattan
3600,Manhattan
3950,Brooklyn
4700,Queens
3200,Manhattan
7200,Brooklyn
3200,Manhattan
4700,Manhattan
2900,Queens
4600,Manhattan
2500,Queens
2795,Manhattan
1750,Manhattan
2700,Manhattan
3475,Manhattan
3095,Queens
3395,Manhattan
8000,Manhattan
6000,Manhattan
2475,Brooklyn
4750,Manhattan
4995,Manhattan
5250,Manhattan
6000,Manhattan
4500,Manhattan
1550,Brooklyn
2850,Manhattan
3095,Manhattan
2500,Brooklyn
3483,Manhattan
2123,Brooklyn
1495,Queens
2100,Manhattan
2370,Manhattan
2853,Manhattan
3500,Manhattan
2395,Manhattan
10000,Brooklyn
3500,Manhattan
3200,Manhattan
5800,Brooklyn
5000,Manhattan
1700,Queens
5250,Manhattan
2300,Manhattan
4500,Manhattan
3850,Manhattan
2750,Brooklyn
2850,Manhattan
11500,Manhattan
3450,Brooklyn
3100,Manhattan
3100,Manhattan
4000,Brooklyn
5700,Queens
7600,Manhattan
2300,Manhattan
7250,Manhattan
5395,Manhattan
2275,Brooklyn
4200,Manhattan
6450,Manhattan
3415,Manhattan
1700,Queens
3475,Manhattan
3295,Manhattan
2450,Brooklyn
3800,Manhattan
2700,Manhattan
11000,Manhattan
5875,Manhattan
2350,Manhattan
3300,Manhattan
4495,Manhattan
4500,Queens
3170,Brooklyn
5995,Manhattan
2350,Queens
3795,Manhattan
2600,Queens
2850,Manhattan
3190,Manhattan
7700,Manhattan
4370,Manhattan
4400,Manhattan
2975,Brooklyn
3795,Manhattan
1425,Brooklyn
3370,Manhattan
2375,Manhattan
4765,Manhattan
3922,Manhattan
2995,Manhattan
2534,Brooklyn
4795,Manhattan
2200,Manhattan
2095,Manhattan
2000,Manhattan
15000,Manhattan
7290,Manhattan
20000,Manhattan
7995,Manhattan
2350,Manhattan
4800,Manhattan
5250,Manhattan
6300,Manhattan
5250,Manhattan
3650,Manhattan
3195,Manhattan
4198,Manhattan
2400,Queens
2100,Brooklyn
2375,Queens
4800,Brooklyn
8500,Manhattan
3100,Manhattan
3500,Manhattan
2570,Queens
2965,Manhattan
3500,Manhattan
10000,Manhattan
2700,Brooklyn
3420,Manhattan
6179,Manhattan
9450,Manhattan
3450,Brooklyn
4500,Brooklyn
2100,Manhattan
6923,Brooklyn
3460,Manhattan
6650,Manhattan
3800,Manhattan
4180,Manhattan
15000,Manhattan
4500,Manhattan
3250,Manhattan
6000,Manhattan
9995,Manhattan
2699,Brooklyn
3400,Manhattan
2299,Queens
3050,Manhattan
2700,Brooklyn
3200,Manhattan
6950,Manhattan
4375,Manhattan
3200,Manhattan
2550,Queens
2050,Queens
4695,Manhattan
2650,Brooklyn
2000,Brooklyn
4000,Manhattan
3946,Manhattan
4595,Brooklyn
2695,Manhattan
3700,Manhattan
3995,Manhattan
3695,Manhattan
2975,Manhattan
2992,Manhattan
2850,Manhattan
3348,Brooklyn
3600,Brooklyn
14000,Manhattan
4056,Manhattan
2500,Manhattan
3000,Manhattan
2795,Manhattan
3600,Manhattan
2200,Queens
1600,Queens
7995,Manhattan
2100,Manhattan
2500,Brooklyn
3700,Queens
3340,Manhattan
4850,Manhattan
2350,Manhattan
2350,Manhattan
7100,Manhattan
3099,Brooklyn
2995,Manhattan
2295,Manhattan
2485,Brooklyn
3100,Manhattan
3171,Brooklyn
1450,Brooklyn
2600,Manhattan
5405,Brooklyn
3100,Brooklyn
6200,Manhattan
2850,Manhattan
2300,Brooklyn
5315,Manhattan
8000,Manhattan
16000,Manhattan
4405,Manhattan
3700,Brooklyn
3815,Brooklyn
3600,Manhattan
5125,Queens
4000,Brooklyn
4650,Manhattan
14975,Manhattan
3300,Manhattan
2750,Manhattan
3333,Brooklyn
4625,Manhattan
5650,Manhattan
2000,Manhattan
7195,Manhattan
2799,Manhattan
2699,Manhattan
9201,Manhattan
5995,Manhattan
5800,Manhattan
2495,Manhattan
2500,Brooklyn
4700,Brooklyn
5400,Manhattan
3256,Brooklyn
6000,Manhattan
3300,Manhattan
10000,Manhattan
1875,Brooklyn
3000,Manhattan
4147,Manhattan
3815,Manhattan
4000,Manhattan
5225,Manhattan
3200,Queens
3300,Manhattan
2850,Brooklyn
2600,Manhattan
1975,Queens
3650,Manhattan
8500,Manhattan
5200,Manhattan
4500,Manhattan
3850,Manhattan
3000,Manhattan
4000,Manhattan
4650,Manhattan
2700,Manhattan
2950,Manhattan
11723,Manhattan
2395,Brooklyn
4200,Brooklyn
9850,Manhattan
3950,Manhattan
8150,Manhattan
5020,Manhattan
6750,Manhattan
2400,Brooklyn
9000,Manhattan
7650,Manhattan
13750,Manhattan
2950,Brooklyn
3600,Manhattan
2300,Brooklyn
12500,Manhattan
3896,Brooklyn
3200,Brooklyn
2350,Brooklyn
5495,Manhattan
1450,Manhattan
5895,Manhattan
4900,Manhattan
4850,Manhattan
2700,Queens
11995,Manhattan
5900,Manhattan
6500,Manhattan
2900,Manhattan
2910,Brooklyn
6600,Manhattan
9150,Manhattan
1395,Manhattan
14662,Manhattan
5510,Manhattan
3620,Manhattan
15000,Manhattan
1700,Queens
3196,Manhattan
10000,Manhattan
1750,Queens
7350,Manhattan
5400,Manhattan
6465,Manhattan
4850,Queens
2000,Queens
3595,Manhattan
3900,Manhattan
1345,Queens
2595,Manhattan
4995,Brooklyn
2095,Manhattan
5035,Manhattan
4250,Manhattan
2695,Manhattan
7800,Manhattan
9750,Manhattan
3800,Brooklyn
7800,Manhattan
4895,Manhattan
2900,Brooklyn
2850,Brooklyn
3450,Manhattan
2595,Manhattan
4500,Manhattan
5505,Manhattan
4495,Manhattan
3150,Manhattan
3100,Brooklyn
6500,Brooklyn
6045,Manhattan
5500,Manhattan
6900,Manhattan
3495,Brooklyn
2950,Brooklyn
4680,Manhattan
4000,Brooklyn
2580,Brooklyn
15000,Manhattan
3800,Manhattan
2200,Brooklyn
2600,Manhattan
5200,Manhattan
3942,Brooklyn
5995,Manhattan
2800,Brooklyn
2800,Manhattan
3500,Manhattan
4695,Brooklyn
4360,Manhattan
2350,Queens
1995,Manhattan
1950,Brooklyn
10780,Manhattan
3175,Queens
1700,Queens
5750,Manhattan
4195,Manhattan
2995,Manhattan
2000,Queens
4500,Manhattan
3000,Manhattan
2500,Brooklyn
2995,Manhattan
10650,Manhattan
3950,Manhattan
3950,Queens
6500,Manhattan
3250,Manhattan
9750,Manhattan
2995,Manhattan
5000,Manhattan
3995,Manhattan
2650,Manhattan
10000,Manhattan
3150,Manhattan
2550,Brooklyn
2856,Brooklyn
9000,Manhattan
3988,Manhattan
3680,Brooklyn
6300,Manhattan
1500,Manhattan
2625,Manhattan
4195,Manhattan
3600,Brooklyn
3150,Manhattan
6200,Manhattan
5600,Manhattan
3800,Manhattan
3600,Manhattan
3850,Manhattan
2500,Manhattan
3770,Manhattan
5460,Manhattan
6995,Manhattan
8000,Manhattan
1995,Queens
4500,Manhattan
3750,Manhattan
4000,Manhattan
3950,Manhattan
4000,Manhattan
4725,Manhattan
2000,Manhattan
1600,Queens
3900,Manhattan
9500,Manhattan
12000,Manhattan
3250,Brooklyn
14995,Manhattan
8500,Manhattan
6000,Manhattan
4250,Manhattan
11500,Manhattan
3600,Manhattan
2900,Manhattan
3350,Manhattan
3900,Manhattan
4900,Manhattan
10500,Manhattan
1950,Brooklyn
6200,Manhattan
3800,Manhattan
2995,Queens
2550,Brooklyn
3100,Brooklyn
3199,Brooklyn
4700,Manhattan
2200,Queens
2699,Brooklyn
4135,Manhattan
3415,Brooklyn
2995,Manhattan
2995,Brooklyn
4200,Manhattan
2150,Brooklyn
3210,Brooklyn
4500,Manhattan
4335,Manhattan
4550,Brooklyn
6300,Manhattan
3340,Brooklyn
2400,Brooklyn
6776,Manhattan
1900,Queens
3100,Manhattan
3700,Manhattan
3060,Manhattan
7500,Manhattan
3300,Queens
4475,Manhattan
3905,Manhattan
3461,Manhattan
2995,Manhattan
9200,Manhattan
4575,Manhattan
3286,Manhattan
5995,Manhattan
1799,Queens
2500,Manhattan
4700,Manhattan
4300,Brooklyn
3775,Manhattan
2400,Brooklyn
12500,Manhattan
2850,Manhattan
6245,Manhattan
4875,Manhattan
3786,Brooklyn
4290,Manhattan
9250,Manhattan
10500,Manhattan
13975,Manhattan
3650,Manhattan
2250,Queens
4400,Manhattan
3295,Brooklyn
2900,Manhattan
2650,Manhattan
2665,Brooklyn
2295,Brooklyn
3375,Brooklyn
2000,Manhattan
2650,Manhattan
2400,Manhattan
1700,Manhattan
3695,Manhattan
7895,Manhattan
4000,Manhattan
6935,Manhattan
3080,Brooklyn
4700,Manhattan
2850,Brooklyn
6400,Manhattan
3395,Manhattan
4500,Manhattan
1900,Queens
5995,Manhattan
3500,Manhattan
3250,Manhattan
3850,Manhattan
3100,Brooklyn
7675,Manhattan
3800,Manhattan
5275,Manhattan
2500,Manhattan
7650,Manhattan
2680,Brooklyn
2295,Manhattan
6320,Brooklyn
4400,Manhattan
5220,Manhattan
4565,Manhattan
13995,Manhattan
3195,Manhattan
2895,Queens
5000,Brooklyn
7995,Manhattan
2900,Manhattan
3995,Manhattan
15000,Manhattan
2995,Queens
1450,Queens
2595,Manhattan
2575,Queens
6995,Manhattan
2300,Brooklyn
2875,Brooklyn
2500,Manhattan
1250,Queens
2550,Queens
2000,Brooklyn
12000,Manhattan
6250,Manhattan
2999,Brooklyn
5795,Manhattan
3560,Manhattan
3450,Manhattan
3100,Manhattan
5300,Brooklyn
6115,Manhattan
2200,Queens
2450,Queens
6795,Manhattan
4500,Manhattan
6000,Brooklyn
3850,Manhattan
2580,Brooklyn
3495,Queens
2600,Manhattan
3513,Manhattan
2200,Queens
3400,Manhattan
3920,Manhattan
1625,Queens
3995,Manhattan
1750,Queens
4500,Manhattan
2499,Brooklyn
2400,Queens
5500,Manhattan
2123,Brooklyn
3250,Manhattan
4000,Brooklyn
2700,Manhattan
4995,Manhattan
2650,Brooklyn
5275,Manhattan
2795,Manhattan
5415,Manhattan
1999,Queens
4500,Manhattan
2150,Brooklyn
15000,Manhattan
5500,Manhattan
2500,Manhattan
1695,Queens
18000,Brooklyn
3400,Manhattan
8000,Manhattan
3300,Brooklyn
3600,Brooklyn
6900,Manhattan
3195,Manhattan
7700,Manhattan
5200,Manhattan
3900,Brooklyn
4095,Manhattan
5250,Manhattan
6000,Manhattan
4300,Manhattan
3795,Manhattan
3200,Manhattan
2800,Manhattan
8200,Manhattan
1550,Brooklyn
3360,Manhattan
3000,Brooklyn
4700,Brooklyn
3840,Manhattan
4885,Manhattan
2950,Manhattan
2695,Manhattan
2650,Brooklyn
3450,Manhattan
2650,Queens
18000,Manhattan
2950,Manhattan
3750,Manhattan
4000,Manhattan
2275,Manhattan
3200,Manhattan
1700,Queens
4968,Manhattan
1795,Manhattan
2500,Manhattan
1605,Queens
9300,Manhattan
4640,Manhattan
2095,Manhattan
2835,Brooklyn
2685,Brooklyn
3950,Manhattan
2400,Brooklyn
7895,Manhattan
2995,Brooklyn
3200,Manhattan
6200,Manhattan
3200,Manhattan
6800,Manhattan
7495,Manhattan
2000,Queens
1750,Brooklyn
2895,Manhattan
2350,Brooklyn
3341,Manhattan
8975,Manhattan
1600,Queens
2725,Queens
2600,Brooklyn
1750,Queens
3650,Manhattan
3300,Manhattan
5500,Manhattan
1425,Queens
4999,Manhattan
4000,Manhattan
1800,Manhattan
5771,Manhattan
1450,Manhattan
2900,Manhattan
3553,Manhattan
3230,Manhattan
1700,Queens
5995,Manhattan
4245,Brooklyn
2300,Queens
5575,Queens
4110,Manhattan
4595,Manhattan
2712,Manhattan
2395,Brooklyn
1590,Brooklyn
3400,Manhattan
2650,Manhattan
3250,Manhattan
3865,Manhattan
5000,Manhattan
4320,Manhattan
2100,Manhattan
3800,Manhattan
3100,Manhattan
4000,Manhattan
1799,Manhattan
6500,Manhattan
2569,Queens
2975,Brooklyn
2500,Manhattan
4000,Manhattan
11000,Manhattan
3150,Manhattan
1800,Brooklyn
6495,Manhattan
5075,Manhattan
3635,Manhattan
18500,Manhattan
3500,Manhattan
5500,Manhattan
4500,Manhattan
14000,Manhattan
12500,Manhattan
3600,Manhattan
2400,Manhattan
2500,Manhattan
5900,Manhattan
1650,Brooklyn
3994,Brooklyn
3695,Brooklyn
2650,Manhattan
2700,Manhattan
2975,Brooklyn
2795,Manhattan
5800,Manhattan
3595,Manhattan
7500,Manhattan
1995,Brooklyn
5250,Manhattan
5450,Manhattan
9495,Brooklyn
6800,Manhattan
3662,Manhattan
5250,Manhattan
3500,Brooklyn
3181,Manhattan
2395,Queens
2400,Manhattan
2485,Queens
3275,Manhattan
2400,Manhattan
5714,Manhattan
4145,Brooklyn
1700,Brooklyn
6246,Manhattan
3225,Manhattan
3700,Manhattan
7556,Manhattan
3950,Manhattan
5995,Manhattan
3900,Manhattan
3300,Manhattan
2215,Manhattan
3700,Manhattan
3825,Brooklyn
3276,Manhattan
3575,Manhattan
4000,Manhattan
2600,Manhattan
6995,Manhattan
5900,Manhattan
4250,Manhattan
4800,Brooklyn
2200,Manhattan
2695,Manhattan
2200,Queens
3000,Brooklyn
2650,Queens
3138,Brooklyn
3300,Queens
4900,Manhattan
2495,Manhattan
3725,Brooklyn
4390,Manhattan
3500,Brooklyn
6500,Manhattan
2150,Manhattan
6995,Manhattan
3775,Manhattan
4072,Manhattan
2630,Brooklyn
2895,Manhattan
8000,Manhattan
6000,Manhattan
4846,Manhattan
3308,Manhattan
2000,Manhattan
1950,Queens
2550,Brooklyn
3275,Manhattan
1700,Queens
3337,Brooklyn
5310,Manhattan
2000,Manhattan
5200,Manhattan
3450,Manhattan
4935,Manhattan
4200,Manhattan
5145,Brooklyn
2125,Queens
1971,Queens
2450,Manhattan
5000,Manhattan
4412,Manhattan
3250,Manhattan
13800,Manhattan
5050,Brooklyn
4085,Queens
2800,Manhattan
6350,Manhattan
3000,Manhattan
1750,Brooklyn
7500,Manhattan
2750,Manhattan
1995,Queens
3600,Brooklyn
2700,Manhattan
3700,Brooklyn
3925,Manhattan
3500,Manhattan
2800,Manhattan
2850,Brooklyn
6000,Manhattan
4027,Manhattan
2700,Brooklyn
15000,Manhattan
11900,Manhattan
3300,Brooklyn
3300,Manhattan
2500,Queens
2325,Queens
3300,Queens
7509,Manhattan
2995,Manhattan
4865,Manhattan
14500,Manhattan
12750,Manhattan
5600,Manhattan
2300,Manhattan
3500,Manhattan
3600,Manhattan
3500,Manhattan
3495,Manhattan
15000,Manhattan
3250,Manhattan
2350,Manhattan
3414,Brooklyn
1846,Brooklyn
2400,Manhattan
3850,Manhattan
4850,Manhattan
3450,Manhattan
7495,Manhattan
2950,Manhattan
3405,Manhattan
4000,Manhattan
3110,Queens
7500,Manhattan
4330,Manhattan
2879,Manhattan
1832,Brooklyn
2450,Manhattan
4200,Manhattan
3375,Manhattan
4795,Manhattan
2200,Queens
4000,Manhattan
3690,Manhattan
7100,Manhattan
1500,Manhattan
3420,Manhattan
16000,Manhattan
4190,Brooklyn
4395,Brooklyn
3545,Manhattan
13950,Manhattan
4079,Brooklyn
2200,Queens
3600,Manhattan
3530,Manhattan
3460,Manhattan
7000,Manhattan
2395,Queens
2975,Queens
3995,Manhattan
2050,Queens
4500,Brooklyn
2996,Manhattan
8750,Manhattan
8500,Manhattan
4000,Manhattan
5675,Manhattan
3099,Brooklyn
4200,Manhattan
3400,Brooklyn
2600,Manhattan
9000,Manhattan
2200,Brooklyn
3750,Manhattan
2900,Brooklyn
2891,Brooklyn
2900,Manhattan
3400,Brooklyn
4050,Manhattan
10000,Manhattan
1460,Manhattan
2900,Manhattan
12500,Manhattan
2400,Brooklyn
2800,Brooklyn
3625,Manhattan
2200,Brooklyn
6000,Manhattan
3400,Manhattan
11000,Manhattan
2450,Brooklyn
6300,Manhattan
6250,Manhattan
12900,Manhattan
16950,Manhattan
2150,Manhattan
1400,Brooklyn
3500,Manhattan
3700,Manhattan
3800,Brooklyn
3850,Manhattan
3800,Manhattan
3350,Manhattan
2535,Queens
6000,Manhattan
4300,Manhattan
6250,Manhattan
2495,Manhattan
8760,Manhattan
2395,Queens
3400,Manhattan
2450,Manhattan
3800,Brooklyn
2400,Queens
12300,Manhattan
2765,Brooklyn
12495,Manhattan
8995,Manhattan
2275,Queens
3800,Manhattan
4950,Manhattan
3500,Manhattan
7995,Manhattan
3600,Brooklyn
2300,Brooklyn
2000,Manhattan
3250,Manhattan
2000,Brooklyn
3650,Manhattan
2150,Manhattan
6750,Manhattan
2700,Manhattan
4232,Manhattan
3133,Manhattan
2600,Manhattan
2100,Queens
2550,Queens
3785,Manhattan
3800,Manhattan
5000,Manhattan
2550,Manhattan
16500,Manhattan
3670,Manhattan
3395,Manhattan
3225,Brooklyn
4500,Manhattan
6500,Brooklyn
3300,Manhattan
4375,Manhattan
5100,Brooklyn
3450,Manhattan
2690,Manhattan
4100,Manhattan
7300,Manhattan
4500,Manhattan
5300,Manhattan
2700,Queens
6900,Manhattan
1450,Queens
1550,Brooklyn
1800,Queens
12500,Manhattan
3725,Manhattan
5688,Manhattan
5000,Manhattan
3350,Manhattan
2300,Manhattan
3285,Manhattan
2300,Brooklyn
3525,Manhattan
7995,Manhattan
2500,Brooklyn
1999,Manhattan
2550,Queens
20000,Manhattan
2745,Brooklyn
13315,Manhattan
2300,Brooklyn
4150,Queens
5900,Brooklyn
7000,Manhattan
3000,Manhattan
2550,Brooklyn
3195,Manhattan
3650,Manhattan
1950,Manhattan
7950,Manhattan
2300,Brooklyn
3700,Manhattan
2995,Brooklyn
6800,Manhattan
4665,Manhattan
3325,Manhattan
3700,Manhattan
3650,Manhattan
7895,Manhattan
4100,Manhattan
4500,Manhattan
14950,Manhattan
3500,Manhattan
15000,Manhattan
6500,Manhattan
3725,Manhattan
4000,Brooklyn
3355,Manhattan
3900,Brooklyn
4525,Manhattan
4915,Manhattan
3550,Manhattan
2930,Brooklyn
16000,Manhattan
3950,Manhattan
2675,Manhattan
2150,Brooklyn
3550,Manhattan
2417,Brooklyn
2995,Brooklyn
2995,Manhattan
2700,Brooklyn
3000,Manhattan
8900,Brooklyn
12000,Brooklyn
2900,Brooklyn
2800,Manhattan
8800,Manhattan
7500,Manhattan
5800,Brooklyn
4500,Manhattan
5600,Manhattan
2200,Brooklyn
3350,Manhattan
3400,Manhattan
3250,Manhattan
14000,Manhattan
11500,Manhattan
5495,Manhattan
3100,Brooklyn
3500,Queens
2599,Brooklyn
3675,Manhattan
6875,Brooklyn
4000,Manhattan
8095,Manhattan
7500,Manhattan
7500,Manhattan
5675,Manhattan
2550,Manhattan
6100,Manhattan
1950,Queens
2250,Queens
1300,Manhattan
1475,Queens
3000,Manhattan
3000,Manhattan
5400,Manhattan
7000,Manhattan
5830,Manhattan
3700,Manhattan
3990,Manhattan
6295,Manhattan
3473,Manhattan
8000,Manhattan
3800,Brooklyn
5250,Manhattan
4350,Queens
3090,Manhattan
3275,Queens
5495,Manhattan
4000,Manhattan
2800,Queens
5500,Manhattan
3500,Manhattan
5100,Brooklyn
3150,Manhattan
4995,Manhattan
3050,Brooklyn
9000,Manhattan
2925,Manhattan
6310,Manhattan
9900,Manhattan
2995,Manhattan
5792,Manhattan
17990,Manhattan
2250,Brooklyn
2891,Brooklyn
3930,Manhattan
2400,Manhattan
3045,Manhattan
3500,Manhattan
2050,Queens
2290,Manhattan
4500,Brooklyn
1800,Manhattan
2595,Manhattan
1650,Manhattan
6900,Manhattan
2300,Brooklyn
5850,Manhattan
1725,Queens
2900,Brooklyn
4140,Manhattan
3199,Brooklyn
2540,Manhattan
1900,Queens
4000,Manhattan
5295,Manhattan
5800,Manhattan
9999,Manhattan
4700,Manhattan
11750,Manhattan
3645,Manhattan
15000,Manhattan
1900,Brooklyn
4500,Manhattan
2100,Manhattan
2720,Manhattan
6500,Manhattan
3100,Manhattan
2800,Queens
14000,Manhattan
6495,Manhattan
3450,Manhattan
6854,Manhattan
3000,Manhattan
13500,Manhattan
6150,Manhattan
1925,Brooklyn
2650,Brooklyn
6700,Manhattan
3150,Manhattan
5000,Manhattan
1895,Manhattan
5995,Manhattan
2995,Queens
6000,Manhattan
3620,Manhattan
1850,Manhattan
5400,Manhattan
2100,Manhattan
7950,Manhattan
4615,Manhattan
3800,Manhattan
2650,Manhattan
3500,Manhattan
4350,Brooklyn
2200,Queens
8000,Manhattan
4650,Manhattan
3965,Manhattan
1750,Queens
1350,Queens
3195,Manhattan
11750,Manhattan
5995,Manhattan
4344,Manhattan
5190,Manhattan
6000,Manhattan
2600,Brooklyn
4200,Brooklyn
18000,Manhattan
8000,Manhattan
3570,Brooklyn
7700,Manhattan
3950,Manhattan
3000,Manhattan
3950,Brooklyn
5000,Manhattan
6800,Manhattan
7795,Manhattan
1675,Brooklyn
2450,Manhattan
12000,Manhattan
9500,Manhattan
2550,Manhattan
1949,Manhattan
2900,Manhattan
10000,Manhattan
1650,Queens
2400,Brooklyn
4450,Manhattan
7500,Manhattan
12000,Manhattan
10000,Manhattan
3600,Manhattan
2750,Manhattan
3700,Manhattan
2300,Manhattan
6795,Manhattan
4620,Manhattan
2400,Queens
4250,Manhattan
3850,Brooklyn
5350,Manhattan
13500,Manhattan
14000,Manhattan
8500,Brooklyn
4650,Manhattan
5495,Manhattan
2700,Brooklyn
4595,Manhattan
2769,Brooklyn
11538,Manhattan
7500,Manhattan
2700,Manhattan
3475,Queens
4500,Brooklyn
5500,Manhattan
2750,Manhattan
6800,Manhattan
9950,Manhattan
2300,Brooklyn
5995,Manhattan
1850,Queens
3750,Manhattan
2650,Brooklyn
2895,Manhattan
3000,Manhattan
3795,Brooklyn
3395,Manhattan
6250,Manhattan
4000,Manhattan
3800,Manhattan
3250,Manhattan
2200,Manhattan
4200,Manhattan
3500,Queens
2485,Manhattan
2195,Manhattan
2795,Manhattan
2100,Brooklyn
2880,Manhattan
8950,Manhattan
3100,Manhattan
3800,Manhattan
3800,Manhattan
3100,Manhattan
2200,Queens
3500,Manhattan
4700,Manhattan
6189,Manhattan
3900,Manhattan
2950,Manhattan
2300,Brooklyn
3375,Manhattan
3695,Manhattan
3300,Manhattan
3495,Manhattan
3645,Manhattan
15000,Manhattan
17500,Manhattan
8750,Manhattan
2500,Manhattan
4600,Manhattan
3791,Manhattan
4500,Brooklyn
1900,Queens
2400,Brooklyn
1400,Queens
4150,Manhattan
2600,Manhattan
4800,Manhattan
5900,Manhattan
4050,Manhattan
2850,Brooklyn
3805,Manhattan
1750,Queens
3000,Manhattan
3375,Manhattan
7000,Manhattan
2400,Manhattan
3615,Manhattan
3700,Manhattan
6995,Manhattan
3000,Brooklyn
4250,Manhattan
2500,Brooklyn
3500,Manhattan
3900,Manhattan
6350,Manhattan
3500,Manhattan
2350,Queens
8400,Manhattan
15000,Manhattan
2995,Brooklyn
5800,Manhattan
3725,Manhattan
6806,Manhattan
4850,Manhattan
3950,Brooklyn
2800,Brooklyn
4349,Brooklyn
2195,Brooklyn
3600,Manhattan
4995,Brooklyn
6815,Manhattan
6800,Manhattan
2680,Manhattan
2269,Manhattan
2600,Brooklyn
4195,Manhattan
2100,Queens
18500,Manhattan
6500,Manhattan
3360,Manhattan
4500,Brooklyn
3000,Brooklyn
4600,Manhattan
4700,Manhattan
2100,Manhattan
8995,Manhattan
3325,Manhattan
3200,Manhattan
5500,Manhattan
8900,Manhattan
3350,Manhattan
4800,Manhattan
3595,Manhattan
3000,Manhattan
2775,Manhattan
3295,Manhattan
3600,Brooklyn
2495,Manhattan
2300,Manhattan
2750,Manhattan
3775,Manhattan
2350,Manhattan
3000,Manhattan
5958,Manhattan
3500,Manhattan
3495,Manhattan
9700,Manhattan
5900,Manhattan
4000,Brooklyn
2000,Manhattan
2900,Manhattan
2200,Manhattan
5250,Brooklyn
4600,Manhattan
4095,Brooklyn
2750,Manhattan
3853,Manhattan
4500,Manhattan
2295,Manhattan
2695,Queens
2825,Manhattan
5250,Manhattan
2450,Queens
1450,Brooklyn
2250,Brooklyn
3500,Manhattan
3100,Brooklyn
2125,Manhattan
2950,Manhattan
4850,Manhattan
5651,Manhattan
3800,Brooklyn
3100,Manhattan
3950,Manhattan
3700,Manhattan
2990,Manhattan
3226,Brooklyn
6250,Brooklyn
1950,Manhattan
3498,Manhattan
2225,Brooklyn
3800,Manhattan
6150,Manhattan
3900,Brooklyn
12500,Manhattan
3650,Manhattan
2995,Manhattan
3589,Manhattan
1400,Brooklyn
5350,Manhattan
3204,Brooklyn
3895,Manhattan
5300,Brooklyn
5795,Manhattan
3600,Manhattan
2850,Brooklyn
4000,Manhattan
4950,Brooklyn
10000,Manhattan
3000,Manhattan
2850,Manhattan
2450,Brooklyn
4900,Manhattan
4300,Brooklyn
3655,Manhattan
2500,Manhattan
2950,Manhattan
6000,Manhattan
6250,Manhattan
4000,Manhattan
3750,Manhattan
1800,Brooklyn
5000,Manhattan
5850,Manhattan
2700,Manhattan
6500,Manhattan
4095,Brooklyn
9250,Manhattan
1650,Brooklyn
2595,Manhattan
3200,Brooklyn
16500,Manhattan
13500,Manhattan
1575,Queens
1832,Manhattan
3162,Manhattan
3800,Manhattan
4200,Manhattan
3500,Manhattan
7900,Manhattan
2500,Manhattan
7975,Manhattan
2875,Brooklyn
3250,Manhattan
5605,Manhattan
15000,Manhattan
5600,Manhattan
1425,Manhattan
5500,Brooklyn
3100,Manhattan
5999,Manhattan
4800,Manhattan
2775,Brooklyn
4000,Manhattan
3595,Brooklyn
4150,Manhattan
3500,Manhattan
4600,Manhattan
3200,Manhattan
4010,Manhattan
5750,Manhattan
3450,Queens
3490,Manhattan
3784,Brooklyn
5300,Manhattan
3500,Manhattan
3480,Manhattan
2650,Manhattan
3730,Manhattan
4550,Manhattan
3600,Manhattan
8650,Manhattan
4500,Manhattan
7850,Manhattan
3465,Brooklyn
2700,Manhattan
4500,Manhattan
7000,Manhattan
1975,Brooklyn
3500,Manhattan
3500,Manhattan
3300,Brooklyn
3093,Manhattan
6000,Manhattan
3184,Brooklyn
4475,Queens
4270,Manhattan
6426,Brooklyn
2300,Brooklyn
2760,Brooklyn
10000,Manhattan
4167,Manhattan
3450,Queens
2635,Brooklyn
6350,Manhattan
2650,Manhattan
3500,Manhattan
6995,Manhattan
7950,Manhattan
4100,Brooklyn
6996,Manhattan
4400,Brooklyn
1275,Brooklyn
2800,Manhattan
4300,Manhattan
2625,Queens
1599,Manhattan
3387,Manhattan
3425,Manhattan
2850,Brooklyn
5995,Manhattan
6400,Manhattan
3665,Manhattan
3875,Brooklyn
4895,Manhattan
15000,Manhattan
2000,Brooklyn
1443,Manhattan
4300,Manhattan
4850,Manhattan
5495,Manhattan
3950,Manhattan
4600,Manhattan
2025,Manhattan
4950,Manhattan
7004,Manhattan
2250,Manhattan
2625,Brooklyn
5450,Manhattan
2635,Brooklyn
3300,Brooklyn
6995,Manhattan
4000,Brooklyn
3800,Manhattan
3300,Manhattan
1350,Brooklyn
8800,Manhattan
5200,Manhattan
7995,Manhattan
1725,Queens
4575,Manhattan
3150,Manhattan
3100,Manhattan
4262,Manhattan
3000,Manhattan
3650,Manhattan
4355,Manhattan
3995,Manhattan
8800,Manhattan
2250,Queens
14900,Manhattan
4362,Manhattan
2499,Manhattan
2800,Manhattan
3100,Manhattan
2650,Manhattan
5860,Brooklyn
2975,Manhattan
3000,Manhattan
4550,Manhattan
3950,Manhattan
3823,Manhattan
4216,Manhattan
5400,Manhattan
19000,Manhattan
2595,Manhattan
5000,Brooklyn
4150,Manhattan
3645,Manhattan
1700,Manhattan
2500,Manhattan
2600,Queens
2750,Manhattan
4800,Manhattan
7700,Manhattan
3200,Manhattan
5500,Brooklyn
4350,Brooklyn
10000,Manhattan
2650,Manhattan
2600,Brooklyn
2745,Brooklyn
3194,Manhattan
4750,Manhattan
1550,Queens
3375,Manhattan
1925,Manhattan
5150,Manhattan
3450,Manhattan
8200,Manhattan
2050,Queens
3400,Manhattan
6873,Manhattan
3500,Brooklyn
4250,Manhattan
2910,Manhattan
1846,Brooklyn
3225,Manhattan
3300,Manhattan
2800,Brooklyn
4215,Brooklyn
4400,Manhattan
4870,Manhattan
3200,Manhattan
1725,Queens
4850,Brooklyn
2630,Manhattan
7011,Manhattan
2450,Manhattan
3300,Queens
4500,Brooklyn
4100,Brooklyn
3475,Manhattan
3090,Brooklyn
2995,Manhattan
4506,Manhattan
5995,Manhattan
3250,Manhattan
3195,Brooklyn
2100,Brooklyn
2695,Manhattan
3200,Brooklyn
5295,Manhattan
3310,Manhattan
3600,Manhattan
2550,Queens
2700,Manhattan
1875,Brooklyn
2200,Queens
2300,Manhattan
3995,Manhattan
3250,Manhattan
2950,Manhattan
3450,Manhattan
2900,Manhattan
5400,Manhattan
1699,Manhattan
8500,Manhattan
5485,Manhattan
3500,Manhattan
3200,Manhattan
3000,Queens
9500,Manhattan
5350,Queens
1800,Brooklyn
6995,Manhattan
1700,Manhattan
9415,Manhattan
3300,Manhattan
3910,Manhattan
2450,Manhattan
5346,Brooklyn
3350,Manhattan
4500,Manhattan
3725,Manhattan
5500,Manhattan
2650,Manhattan
2650,Manhattan
2400,Manhattan
13900,Manhattan
4175,Manhattan
5380,Manhattan
10000,Manhattan
2628,Manhattan
2650,Manhattan
1895,Brooklyn
4990,Manhattan
8550,Manhattan
1550,Queens
3100,Brooklyn
4583,Brooklyn
2000,Brooklyn
2150,Manhattan
1600,Brooklyn
1845,Queens
7145,Manhattan
3400,Manhattan
3095,Manhattan
2700,Manhattan
8300,Manhattan
5000,Manhattan
3500,Manhattan
4850,Manhattan
6400,Manhattan
8350,Manhattan
1795,Manhattan
9785,Manhattan
6000,Manhattan
3365,Manhattan
4300,Manhattan
6075,Manhattan
4600,Manhattan
2745,Manhattan
3300,Brooklyn
3250,Manhattan
4205,Manhattan
6000,Manhattan
2175,Queens
2400,Manhattan
7500,Manhattan
1625,Brooklyn
3100,Manhattan
4250,Brooklyn
1825,Brooklyn
2600,Manhattan
1950,Brooklyn
2350,Brooklyn
3500,Manhattan
2446,Brooklyn
11000,Manhattan
3575,Manhattan
4400,Manhattan
3175,Queens
2855,Manhattan
2450,Brooklyn
2670,Manhattan
3250,Manhattan
3630,Brooklyn
2900,Brooklyn
1895,Manhattan
3400,Brooklyn
2658,Brooklyn
4300,Manhattan
6200,Manhattan
3450,Manhattan
1500,Brooklyn
6000,Manhattan
3100,Manhattan
6115,Manhattan
7900,Manhattan
8500,Manhattan
2800,Queens
2550,Queens
2600,Manhattan
1950,Queens
2950,Queens
3900,Manhattan
2900,Brooklyn
8250,Manhattan
3000,Queens
2000,Manhattan
3200,Manhattan
4350,Manhattan
6800,Manhattan
2450,Manhattan
5256,Manhattan
5150,Manhattan
5900,Manhattan
8595,Manhattan
2550,Queens
2295,Manhattan
2900,Manhattan
3100,Manhattan
2695,Manhattan
3400,Manhattan
11000,Manhattan
3500,Manhattan
4050,Manhattan
3400,Manhattan
3525,Manhattan
5800,Manhattan
5950,Manhattan
2575,Manhattan
4110,Manhattan
2495,Manhattan
12500,Manhattan
3229,Queens
5995,Manhattan
6000,Manhattan
2934,Manhattan
10995,Manhattan
2999,Manhattan
1700,Brooklyn
2650,Queens
3960,Manhattan
2500,Manhattan
2995,Manhattan
6100,Brooklyn
7250,Brooklyn
6650,Manhattan
2125,Manhattan
3898,Manhattan
3850,Manhattan
3995,Brooklyn
7700,Manhattan
3650,Manhattan
4260,Manhattan
1925,Manhattan
3895,Manhattan
5000,Manhattan
2850,Manhattan
2775,Manhattan
1950,Queens
3800,Manhattan
2975,Manhattan
3290,Manhattan
2395,Manhattan
18500,Manhattan
3300,Manhattan
3395,Manhattan
2780,Brooklyn
3500,Manhattan
2600,Manhattan
6100,Manhattan
3195,Manhattan
3700,Manhattan
5000,Manhattan
11950,Manhattan
3500,Manhattan
5300,Brooklyn
7300,Manhattan
3200,Manhattan
3500,Manhattan
8000,Manhattan
4600,Manhattan
5500,Manhattan
3800,Manhattan
3575,Manhattan
4875,Manhattan
5900,Manhattan
9500,Manhattan
2675,Brooklyn
7650,Manhattan
3150,Manhattan
2650,Queens
3445,Brooklyn
2400,Manhattan
3700,Brooklyn
3500,Manhattan
4650,Manhattan
1950,Manhattan
1995,Brooklyn
3550,Manhattan
3600,Brooklyn
11225,Manhattan
3550,Manhattan
3800,Manhattan
13000,Manhattan
2500,Manhattan
4300,Manhattan
14000,Manhattan
5000,Manhattan
7000,Manhattan
4695,Manhattan
2200,Brooklyn
2295,Manhattan
5999,Manhattan
1999,Queens
3595,Manhattan
3200,Brooklyn
2999,Manhattan
3850,Manhattan
2295,Manhattan
11500,Manhattan
4100,Brooklyn
2100,Manhattan
8000,Manhattan
3000,Manhattan
7000,Manhattan
4095,Manhattan
2995,Manhattan
1895,Manhattan
2600,Manhattan
4200,Manhattan
2445,Brooklyn
6200,Manhattan
9850,Manhattan
2750,Brooklyn
1900,Manhattan
2595,Manhattan
2250,Brooklyn
15000,Manhattan
2450,Manhattan
3500,Queens
13500,Manhattan
5500,Manhattan
5995,Manhattan
3600,Manhattan
2400,Manhattan
20000,Manhattan
1700,Brooklyn
3800,Manhattan
4995,Manhattan
2900,Manhattan
4400,Brooklyn
3900,Manhattan
3600,Manhattan
3011,Manhattan
4995,Manhattan
3230,Manhattan
5225,Manhattan
6055,Manhattan
11000,Manhattan
1900,Manhattan
4100,Manhattan
3650,Brooklyn
9695,Manhattan
3195,Manhattan
3750,Manhattan
5500,Manhattan
2250,Manhattan
3895,Manhattan
6750,Manhattan
3500,Brooklyn
2895,Manhattan
3195,Manhattan
11000,Manhattan
5995,Manhattan
1775,Manhattan
2500,Brooklyn
